Application Number,prequal_submit_dt,prequal_submit_month,merchant_id,region,prequalification_risk_grade,final_risk_grade,requested_financing_amount,prequalification_risk_based_amount,prequalification_actual_approval_amount,final_approval_amount,prequalification_risk_score,final_risk_score,credit_score,is_prequal_approved,swap_in_approval,application_status,submitted_full_application,is_approved,is_completed
232395,6/1/25,6/1/25,90493,West,E,B,2000,1770,1770,1770,0.183399752,0.129019961,570,TRUE,FALSE,COMPLETE,TRUE,TRUE,TRUE
255200,6/1/25,6/1/25,87502,NorthEast,C,,1900,3290,3290,3290,0.101749569,,602,TRUE,FALSE,INACTIVE,FALSE,FALSE,
409293,6/1/25,6/1/25,39554,West,E,F,3500,1030,1500,1500,0.227109075,0.322178662,,TRUE,TRUE,COMPLETE,TRUE,TRUE,TRUE
281379,6/1/25,6/1/25,55720,SouthWest,C,C,2800,3740,3740,3740,0.080797218,0.166058019,596,TRUE,FALSE,COMPLETE,TRUE,TRUE,TRUE
840658,6/2/25,6/1/25,84832,SouthEast,F,,1700,1670,1670,1670,0.189269468,,575,TRUE,FALSE,INACTIVE,FALSE,FALSE,
888056,6/2/25,6/1/25,68385,SouthWest,F,,2500,300,1500,1500,0.321675807,,478,TRUE,TRUE,INACTIVE,FALSE,FALSE,
608457,6/2/25,6/1/25,79705,West,F,,1800,300,1500,1500,0.386856735,,536,FALSE,FALSE,DENIED,FALSE,FALSE,
254636,6/2/25,6/1/25,84832,SouthEast,F,F,2200,1040,1500,1500,0.226241991,0.319202453,549,TRUE,FALSE,COMPLETE,TRUE,TRUE,TRUE
282980,6/3/25,6/1/25,39556,West,A,A,1800,5000,5000,5000,0.025483813,0.036509886,505,TRUE,FALSE,COMPLETE,TRUE,TRUE,TRUE
112952,6/3/25,6/1/25,55720,SouthWest,C,,2100,2420,2420,2420,0.144750178,,579,TRUE,FALSE,INACTIVE,FALSE,FALSE,
85084,6/3/25,6/1/25,71513,West,D,,1900,3770,3770,3770,0.080055535,,606,TRUE,FALSE,INACTIVE,FALSE,FALSE,
876042,6/4/25,6/1/25,39556,West,D,F,2500,1010,1500,1500,0.228179097,0.303508848,606,TRUE,TRUE,INACTIVE,TRUE,TRUE,FALSE
394069,6/4/25,6/1/25,75983,NorthEast,F,,2746,590,590,590,0.267165214,,534,FALSE,FALSE,DENIED,FALSE,FALSE,
171520,6/4/25,6/1/25,90495,West,D,,2500,1590,1590,1590,0.193769589,,581,TRUE,FALSE,INACTIVE,FALSE,FALSE,
7325,6/4/25,6/1/25,68385,SouthWest,E,,1900,1740,1740,1740,0.184738457,,583,TRUE,FALSE,INACTIVE,FALSE,FALSE,
577542,6/4/25,6/1/25,78467,NorthEast,F,F,2255,300,1500,1500,0.325215399,0.354388118,539,TRUE,FALSE,COMPLETE,TRUE,TRUE,TRUE
455373,6/4/25,6/1/25,37643,SouthEast,F,,2429.92,300,1500,1500,0.407910883,,529,TRUE,FALSE,INACTIVE,FALSE,FALSE,
756957,6/4/25,6/1/25,37644,SouthEast,C,A,2500,4930,4930,4930,0.047124323,0.044366591,596,TRUE,FALSE,COMPLETE,TRUE,TRUE,TRUE
768864,6/5/25,6/1/25,39554,West,D,,2599,1870,1870,1870,0.177267611,,,TRUE,FALSE,INACTIVE,FALSE,FALSE,
631832,6/5/25,6/1/25,78470,SouthEast,F,F,1950,370,1500,1500,0.287559927,0.318639874,,TRUE,TRUE,COMPLETE,TRUE,TRUE,TRUE
833184,6/5/25,6/1/25,54008,SouthEast,C,F,2199,1520,1520,1520,0.197997287,0.286617696,576,TRUE,FALSE,DENIED,TRUE,FALSE,
893106,6/6/25,6/1/25,73708,NorthEast,D,B,2287,2440,2440,2440,0.143715978,0.099756315,602,TRUE,FALSE,COMPLETE,TRUE,TRUE,TRUE
884840,6/6/25,6/1/25,49344,West,E,D,1100,830,1500,1500,0.243472159,0.201905623,536,TRUE,FALSE,COMPLETE,TRUE,TRUE,TRUE
721347,6/6/25,6/1/25,84832,SouthEast,F,F,2300,300,1500,1500,0.346636474,0.263178319,552,TRUE,FALSE,INACTIVE,TRUE,TRUE,FALSE
654542,6/6/25,6/1/25,73708,NorthEast,E,B,2287,2780,2780,2780,0.125977263,0.084340148,573,TRUE,FALSE,COMPLETE,TRUE,TRUE,TRUE
431979,6/6/25,6/1/25,37644,SouthEast,E,,2300,1430,1500,1500,0.203352422,,539,TRUE,FALSE,INACTIVE,FALSE,FALSE,
915109,6/6/25,6/1/25,73708,NorthEast,B,A,2286.86,5000,5000,5000,0.032332316,0.031137859,600,TRUE,FALSE,COMPLETE,TRUE,TRUE,TRUE
538832,6/6/25,6/1/25,90483,West,F,,2400,2240,2400,2400,0.15553008,,551,TRUE,FALSE,INACTIVE,FALSE,FALSE,
161378,6/6/25,6/1/25,55722,West,D,,3500,2120,2120,2120,0.162536174,,,TRUE,FALSE,INACTIVE,FALSE,FALSE,
965800,6/7/25,6/1/25,68385,SouthWest,C,,1850,2130,2130,2130,0.161715895,,555,TRUE,FALSE,INACTIVE,FALSE,FALSE,
246979,6/7/25,6/1/25,68385,SouthWest,F,,2000,300,1500,1500,0.388818771,,528,FALSE,FALSE,DENIED,FALSE,FALSE,
837916,6/7/25,6/1/25,84832,SouthEast,F,,1800,1040,1500,1500,0.226280004,,530,TRUE,FALSE,INACTIVE,FALSE,FALSE,
465900,6/7/25,6/1/25,87502,NorthEast,B,A,1700,4640,4640,4640,0.055211946,0.026306219,599,TRUE,FALSE,COMPLETE,TRUE,TRUE,TRUE
365694,6/7/25,6/1/25,84832,SouthEast,F,,1800,300,1500,1500,0.333619893,,531,TRUE,TRUE,INACTIVE,FALSE,FALSE,
464636,6/7/25,6/1/25,49344,West,D,E,2300,2030,2030,2030,0.167883918,0.242924541,,TRUE,FALSE,COMPLETE,TRUE,TRUE,TRUE
3881,6/7/25,6/1/25,90496,West,F,F,2000,2170,2170,2170,0.159191459,0.332857579,568,TRUE,FALSE,INACTIVE,TRUE,TRUE,FALSE
206865,6/8/25,6/1/25,65790,West,C,,1700,2420,2420,2420,0.144414887,,534,TRUE,FALSE,INACTIVE,FALSE,FALSE,
131987,6/8/25,6/1/25,90495,West,C,,2750,1720,1720,1720,0.186085716,,,TRUE,FALSE,INACTIVE,FALSE,FALSE,
469025,6/8/25,6/1/25,90493,West,C,,2000,2470,2470,2470,0.141569555,,,TRUE,FALSE,INACTIVE,FALSE,FALSE,
243160,6/8/25,6/1/25,75983,NorthEast,B,,2100,4430,4430,4430,0.061351195,,608,TRUE,FALSE,INACTIVE,FALSE,FALSE,
941653,6/8/25,6/1/25,90495,West,D,,3000,2100,2100,2100,0.163334265,,557,TRUE,TRUE,INACTIVE,FALSE,FALSE,
830536,6/8/25,6/1/25,90487,West,C,C,3000,2030,2030,2030,0.167494535,0.172026917,526,TRUE,FALSE,COMPLETE,TRUE,TRUE,TRUE
847966,6/9/25,6/1/25,37644,SouthEast,E,,2000,1810,2000,2000,0.180839792,,,TRUE,FALSE,INACTIVE,FALSE,FALSE,
950420,6/9/25,6/1/25,73708,NorthEast,C,B,3500,2790,2790,2790,0.125520229,0.098454058,546,TRUE,FALSE,COMPLETE,TRUE,TRUE,TRUE
692556,6/9/25,6/1/25,78467,NorthEast,F,,1375,300,1500,1500,0.523658812,,546,FALSE,FALSE,DENIED,FALSE,FALSE,
842922,6/9/25,6/1/25,84832,SouthEast,F,F,2400,700,1500,1500,0.256022483,0.362727731,558,TRUE,FALSE,COMPLETE,TRUE,TRUE,TRUE
256235,6/9/25,6/1/25,68385,SouthWest,C,,2750,3480,3480,3480,0.092632949,,564,TRUE,FALSE,INACTIVE,FALSE,FALSE,
132653,6/9/25,6/1/25,55721,SouthWest,B,,2500,3630,3630,3630,0.085209653,,564,TRUE,FALSE,INACTIVE,FALSE,FALSE,
445865,6/10/25,6/1/25,75063,NorthEast,F,F,1600,300,1500,1500,0.417249441,0.409288824,531,TRUE,FALSE,DENIED,TRUE,FALSE,
687392,6/10/25,6/1/25,65790,West,D,,3000,2920,3000,3000,0.119644113,,603,TRUE,FALSE,INACTIVE,FALSE,FALSE,
219875,6/10/25,6/1/25,68385,SouthWest,D,C,1800,2370,2370,2370,0.147602305,0.187825292,546,TRUE,FALSE,INACTIVE,TRUE,TRUE,FALSE
157440,6/10/25,6/1/25,37644,SouthEast,E,,2800,1640,1640,1640,0.190925688,,520,TRUE,FALSE,INACTIVE,FALSE,FALSE,
303664,6/10/25,6/1/25,37644,SouthEast,F,B,2800,1090,1500,1500,0.223378599,0.140118852,520,TRUE,FALSE,COMPLETE,TRUE,TRUE,TRUE
212268,6/11/25,6/1/25,56437,SouthEast,F,,3000,300,1500,1500,0.341730952,,540,TRUE,FALSE,INACTIVE,FALSE,FALSE,
89861,6/11/25,6/1/25,75983,NorthEast,E,,1755,1460,1460,1460,0.20114696,,565,TRUE,FALSE,INACTIVE,FALSE,FALSE,
95033,6/11/25,6/1/25,71513,West,D,,1800,2160,2160,2160,0.159772843,,,TRUE,FALSE,INACTIVE,FALSE,FALSE,
141891,6/11/25,6/1/25,90477,West,E,,3000,930,1500,1500,0.234642655,,598,TRUE,TRUE,INACTIVE,FALSE,FALSE,
388271,6/11/25,6/1/25,68385,SouthWest,C,,3000,4240,4240,4240,0.066536523,,600,TRUE,FALSE,INACTIVE,FALSE,FALSE,
791218,6/11/25,6/1/25,54008,SouthEast,C,C,1800,3090,3090,3090,0.11113257,0.144321904,589,TRUE,FALSE,COMPLETE,TRUE,TRUE,TRUE
600590,6/12/25,6/1/25,84832,SouthEast,C,,1700,1700,1700,1700,0.187125877,,559,TRUE,FALSE,INACTIVE,FALSE,FALSE,
911884,6/12/25,6/1/25,37643,SouthEast,F,,2199,990,1500,1500,0.229045615,,442,TRUE,FALSE,INACTIVE,FALSE,FALSE,
122480,6/12/25,6/1/25,75063,NorthEast,F,,1600,620,1500,1500,0.264071077,,518,TRUE,FALSE,INACTIVE,FALSE,FALSE,
435678,6/12/25,6/1/25,54008,SouthEast,D,,2199,2250,2250,2250,0.154672787,,574,TRUE,FALSE,INACTIVE,FALSE,FALSE,
922269,6/13/25,6/1/25,37644,SouthEast,F,,2000,300,1500,1500,0.463744909,,572,FALSE,FALSE,DENIED,FALSE,FALSE,
962365,6/13/25,6/1/25,90496,West,F,,3000,300,1500,1500,0.340883166,,511,TRUE,TRUE,INACTIVE,FALSE,FALSE,
702930,6/13/25,6/1/25,55720,SouthWest,F,,2500,300,1500,1500,0.414818525,,475,FALSE,FALSE,DENIED,FALSE,FALSE,
554640,6/13/25,6/1/25,78467,NorthEast,F,,1609,1250,1500,1500,0.214020506,,564,TRUE,TRUE,INACTIVE,FALSE,FALSE,
963087,6/14/25,6/1/25,49344,West,F,F,3237.44,300,1500,1500,0.296183228,0.387094408,439,TRUE,TRUE,DENIED,TRUE,FALSE,
52095,6/14/25,6/1/25,90485,West,D,B,1900,2980,2980,2980,0.11667949,0.124018341,498,TRUE,FALSE,COMPLETE,TRUE,TRUE,TRUE
410533,6/14/25,6/1/25,84832,SouthEast,C,,2300,1860,1860,1860,0.177955419,,,TRUE,FALSE,INACTIVE,FALSE,FALSE,
748128,6/14/25,6/1/25,78467,NorthEast,E,,1600,1300,1500,1500,0.21071656,,563,TRUE,FALSE,INACTIVE,FALSE,FALSE,
35655,6/14/25,6/1/25,56437,SouthEast,F,F,1750,410,1500,1500,0.283529967,0.33429876,521,TRUE,TRUE,INACTIVE,TRUE,FALSE,
990785,6/14/25,6/1/25,78467,NorthEast,D,,1600,2060,2060,2060,0.165863335,,,TRUE,FALSE,INACTIVE,FALSE,FALSE,
995998,6/14/25,6/1/25,56437,SouthEast,D,C,2200,2450,2450,2450,0.143122777,0.149096563,596,TRUE,FALSE,COMPLETE,TRUE,TRUE,TRUE
500152,6/14/25,6/1/25,49344,West,F,,3237.44,580,1500,1500,0.268068999,,425,TRUE,TRUE,PREQUALIFIED,FALSE,FALSE,
750460,6/14/25,6/1/25,84832,SouthEast,C,F,1800,2300,2300,2300,0.151665017,0.292431265,584,TRUE,FALSE,DENIED,TRUE,FALSE,
930908,6/14/25,6/1/25,79705,West,C,,2000,4060,4060,4060,0.071885839,,630,TRUE,FALSE,COMPLETE,TRUE,TRUE,TRUE
510964,6/14/25,6/1/25,84832,SouthEast,D,C,2300,2210,2300,2300,0.157362759,0.191465676,593,TRUE,FALSE,COMPLETE,TRUE,TRUE,TRUE
709558,6/14/25,6/1/25,79705,West,F,,2000,300,1500,1500,0.429453015,,529,FALSE,FALSE,DENIED,FALSE,FALSE,
826335,6/14/25,6/1/25,78467,NorthEast,F,,2100,1430,1500,1500,0.203507215,,543,TRUE,FALSE,INACTIVE,FALSE,FALSE,
692828,6/15/25,6/1/25,75063,NorthEast,B,A,1600,5000,5000,5000,0.034582205,0.024701083,611,TRUE,FALSE,INACTIVE,TRUE,TRUE,FALSE
962010,6/15/25,6/1/25,75983,NorthEast,C,,2100,4510,4510,4510,0.058843631,,620,TRUE,FALSE,INACTIVE,FALSE,FALSE,
506487,6/16/25,6/1/25,79705,West,C,A,1800,4410,4410,4410,0.061756238,0.051385768,615,TRUE,FALSE,COMPLETE,TRUE,TRUE,TRUE
901299,6/17/25,6/1/25,90495,West,C,,2150,2620,2620,2620,0.134062424,,,TRUE,FALSE,INACTIVE,FALSE,FALSE,
673973,6/17/25,6/1/25,39554,West,C,A,2500,4240,4240,4240,0.066759586,0.031532917,588,TRUE,FALSE,COMPLETE,TRUE,TRUE,TRUE
241387,6/17/25,6/1/25,79705,West,D,,3000,3230,3230,3230,0.104443341,,588,TRUE,FALSE,INACTIVE,FALSE,FALSE,
354809,6/17/25,6/1/25,75983,NorthEast,D,,1600,1660,1660,1660,0.189336225,,,TRUE,FALSE,INACTIVE,FALSE,FALSE,
364155,6/17/25,6/1/25,79705,West,D,,3000,2850,3000,3000,0.122729182,,588,TRUE,FALSE,INACTIVE,FALSE,FALSE,
309388,6/17/25,6/1/25,68385,SouthWest,F,F,1100,720,1500,1500,0.254559606,0.355677009,534,TRUE,FALSE,DENIED,TRUE,FALSE,
648816,6/17/25,6/1/25,68385,SouthWest,B,A,2500,5000,5000,5000,0.043877032,0.05433026,585,TRUE,FALSE,COMPLETE,TRUE,TRUE,TRUE
713617,6/18/25,6/1/25,54008,SouthEast,F,,2500,300,1500,1500,0.461531043,,564,FALSE,FALSE,DENIED,FALSE,FALSE,
37679,6/18/25,6/1/25,90495,West,B,,2300,4860,4860,4860,0.049060058,,580,TRUE,FALSE,INACTIVE,FALSE,FALSE,
223922,6/18/25,6/1/25,68385,SouthWest,F,,1900,300,1500,1500,0.572290123,,494,FALSE,FALSE,DENIED,FALSE,FALSE,
989271,6/18/25,6/1/25,68385,SouthWest,E,D,1900,1250,1500,1500,0.214087114,0.195038199,596,TRUE,FALSE,COMPLETE,TRUE,TRUE,TRUE
226427,6/18/25,6/1/25,75983,NorthEast,F,,2100,1380,1380,1380,0.206235632,,584,FALSE,FALSE,DENIED,FALSE,FALSE,
808301,6/18/25,6/1/25,56437,SouthEast,F,B,2500,830,1500,1500,0.243565306,0.130886137,572,TRUE,FALSE,COMPLETE,TRUE,TRUE,TRUE
490050,6/18/25,6/1/25,39554,West,E,,2000,490,1500,1500,0.276662618,,,TRUE,FALSE,INACTIVE,FALSE,FALSE,
521389,6/18/25,6/1/25,68385,SouthWest,F,F,3000,750,1500,1500,0.25181824,0.265313208,515,TRUE,FALSE,COMPLETE,TRUE,TRUE,TRUE
711423,6/18/25,6/1/25,37644,SouthEast,F,F,2500,470,1500,1500,0.278009683,0.267904013,579,TRUE,FALSE,COMPLETE,TRUE,TRUE,TRUE
464456,6/19/25,6/1/25,78467,NorthEast,B,,2400,3860,3860,3860,0.077352054,,577,TRUE,FALSE,INACTIVE,FALSE,FALSE,
599669,6/19/25,6/1/25,85890,West,F,,268,300,1500,1500,0.416086763,,494,FALSE,FALSE,DENIED,FALSE,FALSE,
119328,6/19/25,6/1/25,37648,SouthWest,F,,2200,300,1500,1500,0.377284378,,549,FALSE,FALSE,DENIED,FALSE,FALSE,
735330,6/19/25,6/1/25,78467,NorthEast,F,F,3300,300,1500,1500,0.298584372,0.294389427,488,TRUE,FALSE,COMPLETE,TRUE,TRUE,TRUE
771948,6/19/25,6/1/25,87502,NorthEast,F,F,1800,300,1500,1500,0.295802951,0.403088152,536,TRUE,TRUE,DENIED,TRUE,FALSE,
103332,6/19/25,6/1/25,55721,SouthWest,C,B,3500,2710,2710,2710,0.129557639,0.115181193,564,TRUE,FALSE,COMPLETE,TRUE,TRUE,TRUE
566286,6/19/25,6/1/25,56437,SouthEast,F,F,2000,300,1500,1500,0.369799644,0.292426467,528,TRUE,FALSE,COMPLETE,TRUE,TRUE,TRUE
229872,6/20/25,6/1/25,37643,SouthEast,C,A,1899,4590,4590,4590,0.056584679,0.038537327,575,TRUE,FALSE,INACTIVE,TRUE,TRUE,TRUE
823232,6/20/25,6/1/25,37643,SouthEast,F,,2199,300,1500,1500,0.298440576,,531,FALSE,FALSE,DENIED,FALSE,FALSE,
987137,6/20/25,6/1/25,73708,NorthEast,B,,2286.86,4410,4410,4410,0.061731204,,599,TRUE,FALSE,INACTIVE,FALSE,FALSE,
512502,6/20/25,6/1/25,56437,SouthEast,D,,1600,1700,1700,1700,0.187423855,,,TRUE,FALSE,INACTIVE,FALSE,FALSE,
194807,6/20/25,6/1/25,39554,West,C,,4000,2720,2720,2720,0.129212633,,560,TRUE,FALSE,INACTIVE,FALSE,FALSE,
404395,6/21/25,6/1/25,78467,NorthEast,E,C,1600,2380,2380,2380,0.147052735,0.177704722,568,TRUE,FALSE,INACTIVE,TRUE,TRUE,FALSE
93401,6/21/25,6/1/25,75063,NorthEast,C,B,5200,3060,3060,3060,0.112932302,0.089543976,536,TRUE,FALSE,COMPLETE,TRUE,TRUE,TRUE
305044,6/21/25,6/1/25,39554,West,B,A,3000,4400,4400,4400,0.061947931,0.058098707,634,TRUE,FALSE,COMPLETE,TRUE,TRUE,TRUE
150563,6/21/25,6/1/25,54008,SouthEast,D,,2800,1840,1840,1840,0.178921014,,,TRUE,FALSE,INACTIVE,FALSE,FALSE,
669496,6/21/25,6/1/25,90489,West,C,B,2600,2470,2600,2600,0.14185603,0.13078317,,TRUE,FALSE,COMPLETE,TRUE,TRUE,TRUE
606457,6/21/25,6/1/25,71513,West,C,,1900,3540,3540,3540,0.089875147,,605,TRUE,FALSE,INACTIVE,FALSE,FALSE,
959194,6/21/25,6/1/25,55720,SouthWest,C,,2000,3090,3090,3090,0.111341126,,566,TRUE,FALSE,INACTIVE,FALSE,FALSE,
383770,6/21/25,6/1/25,90493,West,E,,2000,800,1500,1500,0.246161416,,579,TRUE,FALSE,INACTIVE,FALSE,FALSE,
98921,6/22/25,6/1/25,90485,West,F,D,2500,730,1500,1500,0.252855152,0.213257656,534,TRUE,FALSE,COMPLETE,TRUE,TRUE,TRUE
548398,6/22/25,6/1/25,49344,West,D,,4500,1720,1720,1720,0.186096579,,,TRUE,FALSE,PREQUALIFIED,FALSE,FALSE,
47778,6/23/25,6/1/25,68385,SouthWest,C,,2400,3110,3110,3110,0.11046534,,561,TRUE,FALSE,INACTIVE,FALSE,FALSE,
450285,6/23/25,6/1/25,90493,West,D,,2000,1660,1660,1660,0.189438254,,,TRUE,FALSE,INACTIVE,FALSE,FALSE,
721300,6/23/25,6/1/25,37648,SouthWest,B,,3000,5000,5000,5000,0.033855226,,611,TRUE,FALSE,INACTIVE,FALSE,FALSE,
51278,6/23/25,6/1/25,37648,SouthWest,B,,2000,5000,5000,5000,0.041531835,,577,TRUE,FALSE,INACTIVE,FALSE,FALSE,
103343,6/23/25,6/1/25,79705,West,B,,1800,4980,4980,4980,0.045614507,,585,TRUE,FALSE,INACTIVE,FALSE,FALSE,
393872,6/24/25,6/1/25,78467,NorthEast,C,A,1720,2680,2680,2680,0.131183505,0.076322176,538,TRUE,FALSE,COMPLETE,TRUE,TRUE,TRUE
885879,6/24/25,6/1/25,49344,West,B,,4200,5000,5000,5000,0.036183562,,582,TRUE,FALSE,PREQUALIFIED,FALSE,FALSE,
369636,6/24/25,6/1/25,84832,SouthEast,E,,2300,1380,1500,1500,0.206233352,,,TRUE,TRUE,INACTIVE,FALSE,FALSE,
430833,6/25/25,6/1/25,55721,SouthWest,D,,3500,1810,1810,1810,0.180635095,,,TRUE,FALSE,INACTIVE,FALSE,FALSE,
286314,6/25/25,6/1/25,71513,West,D,,2400,1730,1730,1730,0.18543303,,,TRUE,FALSE,INACTIVE,FALSE,FALSE,
73632,6/25/25,6/1/25,75062,NorthEast,F,E,2100,430,1500,1500,0.28219074,0.256338626,589,TRUE,FALSE,COMPLETE,TRUE,TRUE,TRUE
546865,6/26/25,6/1/25,84832,SouthEast,C,,1600,940,1500,1500,0.233217999,,449,TRUE,TRUE,INACTIVE,FALSE,FALSE,
826955,6/26/25,6/1/25,68385,SouthWest,B,,2350,3990,3990,3990,0.073838718,,593,TRUE,FALSE,INACTIVE,FALSE,FALSE,
941260,6/26/25,6/1/25,87502,NorthEast,D,,3000,1700,1700,1700,0.187448636,,,TRUE,FALSE,INACTIVE,FALSE,FALSE,
613300,6/26/25,6/1/25,68385,SouthWest,E,F,1650,300,1500,1500,0.295802832,0.285887122,,TRUE,TRUE,INACTIVE,TRUE,TRUE,FALSE
769690,6/26/25,6/1/25,90485,West,C,,2000,3080,3080,3080,0.111881971,,587,TRUE,FALSE,INACTIVE,FALSE,FALSE,
529191,6/26/25,6/1/25,68385,SouthWest,F,,3000,300,1500,1500,0.429238588,,549,FALSE,FALSE,DENIED,FALSE,FALSE,
908793,6/26/25,6/1/25,39556,West,C,,1800,4500,4500,4500,0.059319437,,585,TRUE,FALSE,INACTIVE,FALSE,FALSE,
32382,6/27/25,6/1/25,73708,NorthEast,B,A,1742.14,4110,4110,4110,0.070346035,0.061916515,617,TRUE,FALSE,COMPLETE,TRUE,TRUE,TRUE
479253,6/27/25,6/1/25,90487,West,C,,3000,1410,1410,1410,0.204115599,,,TRUE,FALSE,INACTIVE,FALSE,FALSE,
40028,6/27/25,6/1/25,37648,SouthWest,C,B,4000,3020,3020,3020,0.114759512,0.113809861,601,TRUE,FALSE,COMPLETE,TRUE,TRUE,TRUE
455827,6/27/25,6/1/25,79705,West,B,A,2500,4650,4650,4650,0.055001114,0.055119839,636,TRUE,FALSE,COMPLETE,TRUE,TRUE,TRUE
254623,6/27/25,6/1/25,90483,West,B,,2500,3020,3020,3020,0.114679083,,549,TRUE,FALSE,INACTIVE,FALSE,FALSE,
786687,6/27/25,6/1/25,84832,SouthEast,C,C,2650,2030,2030,2030,0.167771131,0.172645792,,TRUE,FALSE,COMPLETE,TRUE,TRUE,TRUE
918278,6/27/25,6/1/25,78467,NorthEast,F,,2100,300,1500,1500,0.477045506,,534,FALSE,FALSE,DENIED,FALSE,FALSE,
356775,6/27/25,6/1/25,54008,SouthEast,B,,800,3950,3950,3950,0.074963525,,557,TRUE,FALSE,INACTIVE,FALSE,FALSE,
281488,6/28/25,6/1/25,37648,SouthWest,A,A,3000,4650,4650,4650,0.055030387,0.045448508,602,TRUE,FALSE,COMPLETE,TRUE,TRUE,TRUE
270927,6/28/25,6/1/25,84832,SouthEast,B,,900,3600,3600,3600,0.086763114,,551,TRUE,FALSE,INACTIVE,FALSE,FALSE,
510643,6/28/25,6/1/25,73231,West,A,A,1800,3770,3770,3770,0.079883888,0.044587318,612,TRUE,FALSE,COMPLETE,TRUE,TRUE,TRUE
819720,6/28/25,6/1/25,37643,SouthEast,F,F,2199,300,1500,1500,0.366986334,0.450940192,506,TRUE,TRUE,DENIED,TRUE,FALSE,
858278,6/28/25,6/1/25,75063,NorthEast,B,,2150,5000,5000,5000,0.037846569,,617,TRUE,FALSE,INACTIVE,FALSE,FALSE,
436521,6/28/25,6/1/25,54008,SouthEast,C,C,1599,2220,2220,2220,0.156640917,0.168253779,547,TRUE,FALSE,COMPLETE,TRUE,TRUE,TRUE
991038,6/28/25,6/1/25,71513,West,B,A,1900,3550,3550,3550,0.089154422,0.048188496,605,TRUE,FALSE,COMPLETE,TRUE,TRUE,TRUE
372918,6/28/25,6/1/25,84832,SouthEast,E,F,2400,610,1500,1500,0.264679253,0.270665288,547,TRUE,TRUE,INACTIVE,TRUE,FALSE,
434615,6/28/25,6/1/25,84832,SouthEast,F,F,2700,300,1500,1500,0.380273968,0.378200591,493,TRUE,FALSE,DENIED,TRUE,FALSE,
120624,6/28/25,6/1/25,90496,West,C,,2000,2400,2400,2400,0.145768285,,533,TRUE,FALSE,INACTIVE,FALSE,FALSE,
627436,6/28/25,6/1/25,39554,West,F,,3000,300,1500,1500,0.388263404,,539,FALSE,FALSE,DENIED,FALSE,FALSE,
521862,6/29/25,6/1/25,90492,West,A,A,2500,4830,4830,4830,0.049927074,0.035167467,584,TRUE,FALSE,COMPLETE,TRUE,TRUE,TRUE
451514,6/29/25,6/1/25,78469,SouthEast,C,B,1800,1870,1870,1870,0.177073643,0.133582011,595,TRUE,FALSE,COMPLETE,TRUE,TRUE,TRUE
447485,6/29/25,6/1/25,78467,NorthEast,C,B,2875,1420,1500,1500,0.203986749,0.123988658,536,TRUE,FALSE,COMPLETE,TRUE,TRUE,TRUE
352110,6/29/25,6/1/25,49344,West,B,,2100,4940,4940,4940,0.046637233,,609,TRUE,FALSE,PREQUALIFIED,FALSE,FALSE,
371687,6/30/25,6/1/25,49344,West,E,B,2000,840,1500,1500,0.243147179,0.129521772,536,TRUE,FALSE,COMPLETE,TRUE,TRUE,TRUE
3218,6/30/25,6/1/25,37643,SouthEast,F,,2199,300,1500,1500,0.467195481,,518,FALSE,FALSE,DENIED,FALSE,FALSE,
572777,6/30/25,6/1/25,49344,West,F,F,2300,300,1500,1500,0.369817853,0.379003376,496,TRUE,TRUE,DENIED,TRUE,FALSE,
346063,6/30/25,6/1/25,49344,West,E,,1700,1190,1500,1500,0.217376724,,551,TRUE,FALSE,PREQUALIFIED,FALSE,FALSE,
450827,6/30/25,6/1/25,49344,West,B,,2800,3630,3630,3630,0.085511141,,604,TRUE,FALSE,PREQUALIFIED,FALSE,FALSE,
563071,7/1/25,7/1/25,37644,SouthEast,C,,1800,2440,2440,2440,0.14361389,,608,TRUE,FALSE,INACTIVE,FALSE,FALSE,
9883,7/2/25,7/1/25,37644,SouthEast,F,F,2500,300,1500,1500,0.333254248,0.327899516,,TRUE,FALSE,COMPLETE,TRUE,TRUE,TRUE
663579,7/2/25,7/1/25,49344,West,B,A,2000,2790,2790,2790,0.125695154,0.056170024,582,TRUE,FALSE,COMPLETE,TRUE,TRUE,TRUE
569821,7/2/25,7/1/25,84832,SouthEast,F,E,2500,300,1500,1500,0.302282572,0.242438331,550,TRUE,TRUE,COMPLETE,TRUE,TRUE,TRUE
469916,7/2/25,7/1/25,39556,West,B,,1900,4700,4700,4700,0.053575631,,604,TRUE,FALSE,INACTIVE,FALSE,FALSE,
197337,7/2/25,7/1/25,90489,West,F,,2300,300,1500,1500,0.545359313,,449,FALSE,FALSE,DENIED,FALSE,FALSE,
584223,7/2/25,7/1/25,37644,SouthEast,D,,2500,960,1500,1500,0.231627524,,,TRUE,TRUE,INACTIVE,FALSE,FALSE,
691289,7/2/25,7/1/25,51515,MidWest,B,B,2300,4790,4790,4790,0.051074445,0.086493164,599,TRUE,FALSE,COMPLETE,TRUE,TRUE,TRUE
9239,7/2/25,7/1/25,84832,SouthEast,C,,1700,1310,1500,1500,0.210018113,,459,TRUE,FALSE,INACTIVE,FALSE,FALSE,
969108,7/2/25,7/1/25,49344,West,A,,3000,5000,5000,5000,0.042580817,,565,TRUE,FALSE,PREQUALIFIED,FALSE,FALSE,
880659,7/2/25,7/1/25,90487,West,F,,3000,300,500,500,0.308751345,,573,TRUE,FALSE,INACTIVE,FALSE,FALSE,
964085,7/3/25,7/1/25,49344,West,B,A,1126.52,2460,2460,2460,0.142632037,0.060279373,613,TRUE,FALSE,INACTIVE,TRUE,TRUE,FALSE
297911,7/3/25,7/1/25,79705,West,F,,2000,300,1500,1500,0.457039952,,555,TRUE,FALSE,INACTIVE,FALSE,FALSE,
985094,7/3/25,7/1/25,78469,SouthEast,F,,1800,300,1500,1500,0.357370049,,554,TRUE,TRUE,INACTIVE,FALSE,FALSE,
38532,7/3/25,7/1/25,90492,West,F,,2500,300,1500,1500,0.387924045,,492,TRUE,FALSE,INACTIVE,FALSE,FALSE,
229281,7/3/25,7/1/25,85890,West,E,F,1599,930,1500,1500,0.233753011,0.313803166,526,TRUE,FALSE,COMPLETE,TRUE,TRUE,TRUE
671954,7/3/25,7/1/25,68385,SouthWest,D,,2300,530,1500,1500,0.272635728,,,TRUE,FALSE,INACTIVE,FALSE,FALSE,
838740,7/3/25,7/1/25,55721,SouthWest,D,,6000,1530,1530,1530,0.197437137,,563,TRUE,FALSE,INACTIVE,FALSE,FALSE,
616419,7/3/25,7/1/25,75983,NorthEast,B,B,1600,4160,4160,4160,0.068923414,0.096705459,608,TRUE,FALSE,COMPLETE,TRUE,TRUE,TRUE
161068,7/4/25,7/1/25,68385,SouthWest,E,F,1500,410,1500,1500,0.283997416,0.276197106,539,TRUE,FALSE,COMPLETE,TRUE,TRUE,TRUE
816446,7/4/25,7/1/25,90487,West,F,,3000,300,500,500,0.331257373,,530,TRUE,FALSE,INACTIVE,FALSE,FALSE,
615168,7/5/25,7/1/25,75983,NorthEast,D,B,1600,320,500,500,0.292543709,0.127976343,513,TRUE,FALSE,COMPLETE,TRUE,TRUE,TRUE
510023,7/5/25,7/1/25,37644,SouthEast,D,,2000,550,1500,1500,0.27054882,,,TRUE,FALSE,INACTIVE,FALSE,FALSE,
452019,7/5/25,7/1/25,75983,NorthEast,F,B,2100,300,500,500,0.405510962,0.137448683,513,TRUE,FALSE,INACTIVE,TRUE,TRUE,FALSE
212899,7/5/25,7/1/25,87502,NorthEast,C,B,2200,1910,1910,1910,0.175088584,0.122760594,580,TRUE,FALSE,INACTIVE,TRUE,TRUE,FALSE
511910,7/5/25,7/1/25,75063,NorthEast,B,,1600,5000,5000,5000,0.041395359,,591,TRUE,FALSE,INACTIVE,FALSE,FALSE,
36974,7/5/25,7/1/25,75063,NorthEast,D,,1600,1820,1820,1820,0.180402622,,556,TRUE,FALSE,INACTIVE,FALSE,FALSE,
939265,7/5/25,7/1/25,78467,NorthEast,B,A,1600,4470,4470,4470,0.060091302,0.03356082,598,TRUE,FALSE,COMPLETE,TRUE,TRUE,TRUE
822874,7/5/25,7/1/25,84832,SouthEast,A,,1800,5000,5000,5000,0.029885326,,589,TRUE,FALSE,INACTIVE,FALSE,FALSE,
56675,7/6/25,7/1/25,90496,West,D,,3000,1250,1500,1500,0.213630855,,,TRUE,FALSE,INACTIVE,FALSE,FALSE,
471418,7/7/25,7/1/25,56437,SouthEast,C,,2500,2400,2500,2500,0.145847782,,592,TRUE,FALSE,INACTIVE,FALSE,FALSE,
165087,7/7/25,7/1/25,49344,West,C,,800,920,1500,1500,0.234907225,,550,TRUE,FALSE,PREQUALIFIED,FALSE,FALSE,
992327,7/7/25,7/1/25,84832,SouthEast,B,,2300,4310,4310,4310,0.064602248,,570,TRUE,FALSE,INACTIVE,FALSE,FALSE,
528808,7/7/25,7/1/25,90485,West,B,,2000,3570,3570,3570,0.088068269,,579,TRUE,FALSE,INACTIVE,FALSE,FALSE,
209630,7/7/25,7/1/25,37643,SouthEast,F,,1750,300,1500,1500,0.489349812,,588,FALSE,FALSE,DENIED,FALSE,FALSE,
23163,7/7/25,7/1/25,95737,NorthEast,C,,2300,2130,2300,2300,0.162001655,,566,TRUE,FALSE,INACTIVE,FALSE,FALSE,
524250,7/7/25,7/1/25,37648,SouthWest,B,,4000,4150,4150,4150,0.069239303,,572,TRUE,FALSE,INACTIVE,FALSE,FALSE,
324748,7/8/25,7/1/25,90495,West,C,,3000,1810,1810,1810,0.181026459,,,TRUE,FALSE,INACTIVE,FALSE,FALSE,
269791,7/8/25,7/1/25,54008,SouthEast,F,,1200,300,1500,1500,0.6761204,,504,FALSE,FALSE,DENIED,FALSE,FALSE,
672907,7/8/25,7/1/25,71513,West,B,,1800,3960,3960,3960,0.07471481,,585,TRUE,FALSE,INACTIVE,FALSE,FALSE,
248543,7/8/25,7/1/25,75062,NorthEast,C,,2132,1720,1720,1720,0.18631193,,,TRUE,FALSE,INACTIVE,FALSE,FALSE,
511354,7/8/25,7/1/25,90485,West,B,,1900,4550,4550,4550,0.057944324,,608,TRUE,FALSE,INACTIVE,FALSE,FALSE,
433170,7/8/25,7/1/25,54008,SouthEast,F,,1200,300,1500,1500,0.527179182,,454,FALSE,FALSE,DENIED,FALSE,FALSE,
192074,7/8/25,7/1/25,71513,West,F,,1800,360,1500,1500,0.289128721,,547,TRUE,FALSE,INACTIVE,FALSE,FALSE,
985382,7/8/25,7/1/25,78467,NorthEast,C,,1600,1120,1500,1500,0.221638545,,,TRUE,FALSE,INACTIVE,FALSE,FALSE,
865639,7/9/25,7/1/25,85890,West,F,F,3999,300,1500,1500,0.367843807,0.358525246,540,TRUE,TRUE,COMPLETE,TRUE,TRUE,TRUE
415495,7/9/25,7/1/25,85890,West,F,,1599,300,1500,1500,0.327583939,,519,TRUE,TRUE,INACTIVE,TRUE,TRUE,FALSE
613199,7/9/25,7/1/25,85890,West,D,,3999,1460,1500,1500,0.201392502,,540,TRUE,TRUE,INACTIVE,FALSE,FALSE,
71693,7/9/25,7/1/25,85890,West,F,,3999,300,1500,1500,0.351521254,,540,TRUE,TRUE,INACTIVE,FALSE,FALSE,
867733,7/10/25,7/1/25,78469,SouthEast,F,,2100,300,1500,1500,0.384739995,,568,TRUE,FALSE,INACTIVE,FALSE,FALSE,
728318,7/10/25,7/1/25,55721,SouthWest,F,,3500,300,1500,1500,0.380115926,,548,TRUE,FALSE,INACTIVE,FALSE,FALSE,
365882,7/10/25,7/1/25,54008,SouthEast,C,,2500,2040,2040,2040,0.166937932,,540,TRUE,FALSE,INACTIVE,FALSE,FALSE,
508275,7/10/25,7/1/25,75063,NorthEast,B,,2100,4990,4990,4990,0.045185093,,590,TRUE,FALSE,INACTIVE,FALSE,FALSE,
209987,7/10/25,7/1/25,55721,SouthWest,C,E,3500,1730,1730,1730,0.185251564,0.248677343,607,TRUE,FALSE,COMPLETE,TRUE,TRUE,TRUE
940197,7/10/25,7/1/25,95737,NorthEast,D,C,2400,2210,2400,2400,0.156925976,0.171769723,533,TRUE,FALSE,COMPLETE,TRUE,TRUE,TRUE
924163,7/11/25,7/1/25,78467,NorthEast,F,,1755,300,1500,1500,0.373458177,,563,TRUE,FALSE,INACTIVE,FALSE,FALSE,
742836,7/11/25,7/1/25,85890,West,D,F,159900,510,1500,1500,0.273864329,0.275652558,,TRUE,TRUE,COMPLETE,TRUE,TRUE,TRUE
393161,7/11/25,7/1/25,75062,NorthEast,C,,1000,2860,2860,2860,0.122397617,,561,TRUE,FALSE,INACTIVE,FALSE,FALSE,
62298,7/11/25,7/1/25,90492,West,F,,2000,300,1500,1500,0.36350435,,597,FALSE,FALSE,DENIED,FALSE,FALSE,
660628,7/11/25,7/1/25,78467,NorthEast,C,,1600,1990,1990,1990,0.170188457,,589,TRUE,FALSE,INACTIVE,FALSE,FALSE,
275958,7/11/25,7/1/25,39554,West,B,,3000,4650,4650,4650,0.054873485,,578,TRUE,FALSE,INACTIVE,FALSE,FALSE,
20659,7/11/25,7/1/25,68385,SouthWest,B,,4000,3730,4000,4000,0.081227854,,585,TRUE,FALSE,INACTIVE,FALSE,FALSE,
106087,7/11/25,7/1/25,84832,SouthEast,B,,2300,3930,3930,3930,0.075347401,,604,TRUE,FALSE,INACTIVE,FALSE,FALSE,
588357,7/12/25,7/1/25,84832,SouthEast,D,D,2500,1810,1810,1810,0.180999458,0.228245482,498,TRUE,FALSE,INACTIVE,TRUE,TRUE,FALSE
125826,7/12/25,7/1/25,75062,NorthEast,F,F,1720,300,1500,1500,0.386015862,0.346038073,509,TRUE,FALSE,COMPLETE,TRUE,TRUE,TRUE
993010,7/12/25,7/1/25,68385,SouthWest,C,,2700,1660,1660,1660,0.189474076,,,TRUE,FALSE,INACTIVE,FALSE,FALSE,
360292,7/12/25,7/1/25,84832,SouthEast,D,C,2500,1520,1520,1520,0.197921559,0.192111492,474,TRUE,FALSE,COMPLETE,TRUE,TRUE,TRUE
601572,7/12/25,7/1/25,90483,West,C,B,2500,1790,1790,1790,0.182200551,0.136035487,488,TRUE,FALSE,COMPLETE,TRUE,TRUE,TRUE
675420,7/12/25,7/1/25,68385,SouthWest,B,,2000,2990,2990,2990,0.115991525,,606,TRUE,FALSE,INACTIVE,FALSE,FALSE,
525457,7/12/25,7/1/25,78470,SouthEast,D,,1712.01,910,1500,1500,0.236563012,,,TRUE,TRUE,INACTIVE,FALSE,FALSE,
635985,7/12/25,7/1/25,49344,West,F,,2000,300,1500,1500,0.542337894,,566,FALSE,FALSE,DENIED,FALSE,FALSE,
128907,7/13/25,7/1/25,90493,West,B,,2758.4,5000,5000,5000,0.040306505,,597,TRUE,FALSE,INACTIVE,FALSE,FALSE,
952960,7/13/25,7/1/25,78469,SouthEast,C,,2100,1320,1500,1500,0.209610283,,576,TRUE,FALSE,INACTIVE,FALSE,FALSE,
739965,7/13/25,7/1/25,78469,SouthEast,C,,2100,1210,1500,1500,0.215950653,,585,TRUE,FALSE,INACTIVE,FALSE,FALSE,
901117,7/13/25,7/1/25,75062,NorthEast,B,,1600,3460,3460,3460,0.093317568,,576,TRUE,FALSE,INACTIVE,FALSE,FALSE,
264558,7/13/25,7/1/25,75062,NorthEast,C,,1600,2340,2340,2340,0.149461597,,559,TRUE,FALSE,INACTIVE,FALSE,FALSE,
288437,7/13/25,7/1/25,51515,MidWest,C,,2300,1970,1970,1970,0.171309844,,587,TRUE,TRUE,INACTIVE,FALSE,FALSE,
221011,7/14/25,7/1/25,37648,SouthWest,A,,2500,4830,4830,4830,0.04972586,,587,TRUE,FALSE,INACTIVE,FALSE,FALSE,
676658,7/14/25,7/1/25,55721,SouthWest,B,,5000,5000,5000,5000,0.042905498,,595,TRUE,FALSE,INACTIVE,FALSE,FALSE,
693583,7/15/25,7/1/25,75063,NorthEast,B,,2150,5000,5000,5000,0.032882806,,608,TRUE,FALSE,INACTIVE,FALSE,FALSE,
659683,7/15/25,7/1/25,68385,SouthWest,F,F,3000,300,1500,1500,0.463417619,0.421704888,493,TRUE,FALSE,COMPLETE,TRUE,TRUE,TRUE
745677,7/15/25,7/1/25,84832,SouthEast,C,B,2500,2190,2190,2190,0.158536077,0.109834015,567,TRUE,FALSE,INACTIVE,TRUE,TRUE,FALSE
101922,7/15/25,7/1/25,55721,SouthWest,C,,3500,620,1500,1500,0.263422877,,,TRUE,FALSE,INACTIVE,FALSE,FALSE,
982574,7/15/25,7/1/25,75983,NorthEast,F,,2160,300,1500,1500,0.324494481,,500,TRUE,FALSE,INACTIVE,FALSE,FALSE,
842705,7/15/25,7/1/25,84832,SouthEast,F,,2300,300,1500,1500,0.512903929,,526,FALSE,FALSE,DENIED,FALSE,FALSE,
645033,7/15/25,7/1/25,75061,NorthEast,A,A,1728,5000,5000,5000,0.038820811,0.024054013,608,TRUE,FALSE,INACTIVE,TRUE,TRUE,FALSE
981240,7/15/25,7/1/25,78469,SouthEast,D,,1600,300,1500,1500,0.301240236,,,TRUE,TRUE,INACTIVE,FALSE,FALSE,
260764,7/15/25,7/1/25,90492,West,F,,2000,730,1500,1500,0.253562331,,565,TRUE,TRUE,INACTIVE,FALSE,FALSE,
687851,7/15/25,7/1/25,55722,West,F,,2000,480,1500,1500,0.277471632,,600,FALSE,FALSE,DENIED,FALSE,FALSE,
721133,7/16/25,7/1/25,55721,SouthWest,B,,2728,4660,4660,4660,0.054718453,,587,TRUE,FALSE,INACTIVE,FALSE,FALSE,
315846,7/16/25,7/1/25,90487,West,E,C,2000,600,1500,1500,0.265801042,0.190503478,,TRUE,FALSE,COMPLETE,TRUE,TRUE,TRUE
245925,7/16/25,7/1/25,90475,West,B,,2450,2920,2920,2920,0.119287685,,594,TRUE,FALSE,INACTIVE,FALSE,FALSE,
67377,7/16/25,7/1/25,51515,MidWest,C,,1700,1220,1500,1500,0.215559378,,539,TRUE,FALSE,INACTIVE,FALSE,FALSE,
983829,7/16/25,7/1/25,90483,West,F,,5800,300,1500,1500,0.37117514,,548,FALSE,FALSE,DENIED,FALSE,FALSE,
995400,7/17/25,7/1/25,78470,SouthEast,E,,1712,430,1500,1500,0.282221615,,526,TRUE,FALSE,INACTIVE,FALSE,FALSE,
571945,7/17/25,7/1/25,49344,West,D,F,1690,610,1500,1500,0.264828712,0.329056948,,TRUE,TRUE,COMPLETE,TRUE,TRUE,TRUE
640531,7/17/25,7/1/25,84832,SouthEast,F,F,1700,300,1500,1500,0.379530013,0.37565729,561,TRUE,FALSE,INACTIVE,TRUE,FALSE,
589591,7/17/25,7/1/25,90485,West,D,,2500,780,1500,1500,0.24895601,,577,TRUE,FALSE,INACTIVE,FALSE,FALSE,
437882,7/17/25,7/1/25,78467,NorthEast,A,,2600,5000,5000,5000,0.035115302,,594,TRUE,FALSE,INACTIVE,FALSE,FALSE,
806294,7/17/25,7/1/25,71513,West,C,,2800,1320,1500,1500,0.209921867,,,TRUE,FALSE,INACTIVE,FALSE,FALSE,
77844,7/18/25,7/1/25,87502,NorthEast,F,,2300,300,1500,1500,0.536955655,,595,FALSE,FALSE,DENIED,FALSE,FALSE,
711954,7/18/25,7/1/25,90492,West,B,,2200,3250,3250,3250,0.103760719,,561,TRUE,FALSE,INACTIVE,FALSE,FALSE,
335015,7/18/25,7/1/25,90492,West,A,,2500,5000,5000,5000,0.024731373,,613,TRUE,FALSE,INACTIVE,FALSE,FALSE,
111490,7/18/25,7/1/25,78467,NorthEast,F,,1600,300,1500,1500,0.60868144,,520,FALSE,FALSE,DENIED,FALSE,FALSE,
785228,7/18/25,7/1/25,37644,SouthEast,D,,2400,1130,1500,1500,0.220886067,,514,TRUE,FALSE,INACTIVE,FALSE,FALSE,
91831,7/18/25,7/1/25,90492,West,D,,2000,300,1500,1500,0.30549112,,601,TRUE,FALSE,INACTIVE,FALSE,FALSE,
538960,7/19/25,7/1/25,68385,SouthWest,C,D,2400,1790,1790,1790,0.181754068,0.211304262,569,TRUE,FALSE,INACTIVE,TRUE,TRUE,FALSE
778571,7/19/25,7/1/25,37644,SouthEast,E,,2200,880,1500,1500,0.239226997,,538,TRUE,FALSE,INACTIVE,FALSE,FALSE,
432356,7/19/25,7/1/25,75062,NorthEast,B,,1600,3560,3560,3560,0.088508256,,591,TRUE,FALSE,INACTIVE,FALSE,FALSE,
834356,7/19/25,7/1/25,90489,West,B,,2000,4870,4870,4870,0.048634663,,595,TRUE,FALSE,INACTIVE,FALSE,FALSE,
75397,7/19/25,7/1/25,37644,SouthEast,F,F,3500,440,1500,1500,0.281462818,0.431570113,,TRUE,FALSE,DENIED,TRUE,FALSE,
83363,7/19/25,7/1/25,90493,West,D,,1900,1000,1500,1500,0.228873268,,,TRUE,FALSE,INACTIVE,FALSE,FALSE,
465651,7/19/25,7/1/25,84832,SouthEast,C,,2000,1050,1500,1500,0.225798905,,,TRUE,FALSE,INACTIVE,FALSE,FALSE,
528865,7/19/25,7/1/25,37644,SouthEast,C,,3500,1880,1880,1880,0.176561892,,,TRUE,FALSE,INACTIVE,FALSE,FALSE,
728596,7/19/25,7/1/25,68385,SouthWest,F,C,1650,590,1500,1500,0.266732633,0.148758605,548,TRUE,FALSE,DENIED,TRUE,FALSE,
344522,7/19/25,7/1/25,73231,West,C,,2500,1720,1720,1720,0.18624717,,,TRUE,FALSE,INACTIVE,FALSE,FALSE,
112278,7/19/25,7/1/25,77604,NorthEast,B,A,1625,5000,5000,5000,0.034498483,0.039395507,593,TRUE,FALSE,COMPLETE,TRUE,TRUE,TRUE
675192,7/19/25,7/1/25,55721,SouthWest,D,,2500,1920,1920,1920,0.174052835,,562,TRUE,FALSE,INACTIVE,FALSE,FALSE,
107714,7/19/25,7/1/25,68385,SouthWest,E,F,2200,950,1500,1500,0.232635885,0.264051646,498,TRUE,FALSE,COMPLETE,TRUE,TRUE,TRUE
447335,7/19/25,7/1/25,49344,West,B,,2700,4670,4670,4670,0.054348692,,596,TRUE,FALSE,PREQUALIFIED,FALSE,FALSE,
579691,7/19/25,7/1/25,95737,NorthEast,B,,2700,4260,4260,4260,0.066134855,,615,TRUE,FALSE,INACTIVE,FALSE,FALSE,
355977,7/19/25,7/1/25,54008,SouthEast,C,,2199,1730,1730,1730,0.185239002,,,TRUE,FALSE,INACTIVE,FALSE,FALSE,
964539,7/20/25,7/1/25,90492,West,B,,2200,5000,5000,5000,0.02865074,,611,TRUE,FALSE,INACTIVE,FALSE,FALSE,
234794,7/20/25,7/1/25,90493,West,A,,3000,5000,5000,5000,0.028912924,,620,TRUE,FALSE,INACTIVE,FALSE,FALSE,
717696,7/20/25,7/1/25,90496,West,D,,2500,1130,1500,1500,0.220916435,,597,TRUE,FALSE,INACTIVE,FALSE,FALSE,
43787,7/20/25,7/1/25,95737,NorthEast,A,,1750,5000,5000,5000,0.031448867,,604,TRUE,FALSE,INACTIVE,FALSE,FALSE,
922935,7/20/25,7/1/25,75063,NorthEast,D,,2600,1440,1500,1500,0.202490866,,,TRUE,FALSE,INACTIVE,FALSE,FALSE,
828865,7/21/25,7/1/25,55722,West,C,,2000,2570,2570,2570,0.136488527,,627,TRUE,FALSE,INACTIVE,FALSE,FALSE,
191977,7/21/25,7/1/25,54008,SouthEast,C,B,2500,2360,2500,2500,0.148378208,0.138146326,576,TRUE,FALSE,INACTIVE,TRUE,TRUE,FALSE
639652,7/21/25,7/1/25,78467,NorthEast,F,F,1600,300,1500,1500,0.345825046,0.283642501,575,TRUE,TRUE,COMPLETE,TRUE,TRUE,TRUE
498671,7/21/25,7/1/25,54008,SouthEast,C,F,2500,2360,2500,2500,0.148378208,0.267328411,576,TRUE,FALSE,INACTIVE,TRUE,TRUE,FALSE
197308,7/22/25,7/1/25,73231,West,B,,2500,3210,3210,3210,0.105367407,,563,TRUE,FALSE,INACTIVE,FALSE,FALSE,
572475,7/22/25,7/1/25,68385,SouthWest,C,E,500,620,1500,1500,0.263687551,0.248574033,,TRUE,FALSE,COMPLETE,TRUE,TRUE,TRUE
206164,7/22/25,7/1/25,90492,West,D,,2000,1140,1500,1500,0.220577866,,,TRUE,FALSE,INACTIVE,FALSE,FALSE,
84870,7/22/25,7/1/25,73231,West,B,,2500,3510,3510,3510,0.091338538,,563,TRUE,FALSE,INACTIVE,FALSE,FALSE,
748595,7/23/25,7/1/25,78467,NorthEast,D,,1600,350,1500,1500,0.289602846,,522,TRUE,TRUE,INACTIVE,FALSE,FALSE,
901,7/23/25,7/1/25,39554,West,F,,1800,300,1500,1500,0.452427357,,570,FALSE,FALSE,DENIED,FALSE,FALSE,
458172,7/23/25,7/1/25,84832,SouthEast,F,,1800,300,1500,1500,0.446748465,,509,FALSE,FALSE,DENIED,FALSE,FALSE,
314215,7/23/25,7/1/25,56437,SouthEast,C,,2500,2820,2820,2820,0.12417572,,542,TRUE,FALSE,INACTIVE,FALSE,FALSE,
551052,7/23/25,7/1/25,39554,West,F,,1800,300,1500,1500,0.426077306,,520,FALSE,FALSE,DENIED,FALSE,FALSE,
136893,7/23/25,7/1/25,49344,West,B,,1690,4380,4380,4380,0.062740706,,586,TRUE,FALSE,PREQUALIFIED,FALSE,FALSE,
400010,7/23/25,7/1/25,71513,West,F,,1800,590,1500,1500,0.266993195,,527,TRUE,TRUE,INACTIVE,FALSE,FALSE,
328900,7/23/25,7/1/25,73231,West,B,,2000,3030,3030,3030,0.114331089,,546,TRUE,FALSE,INACTIVE,FALSE,FALSE,
539979,7/23/25,7/1/25,84832,SouthEast,F,,1800,300,1500,1500,0.619130254,,493,FALSE,FALSE,DENIED,FALSE,FALSE,
442186,7/24/25,7/1/25,68385,SouthWest,B,A,1600,3060,3060,3060,0.112561598,0.055308063,577,TRUE,FALSE,COMPLETE,TRUE,TRUE,TRUE
3498,7/24/25,7/1/25,90485,West,D,,1900,880,1500,1500,0.238732472,,,TRUE,FALSE,INACTIVE,FALSE,FALSE,
781964,7/24/25,7/1/25,90496,West,B,,2500,5000,5000,5000,0.037550658,,601,TRUE,FALSE,INACTIVE,FALSE,FALSE,
933313,7/24/25,7/1/25,95737,NorthEast,B,,1750,4670,4670,4670,0.054288372,,601,TRUE,FALSE,INACTIVE,FALSE,FALSE,
867033,7/24/25,7/1/25,73231,West,B,,1800,5000,5000,5000,0.045033257,,589,TRUE,FALSE,INACTIVE,FALSE,FALSE,
981620,7/24/25,7/1/25,68385,SouthWest,F,,2150,300,1500,1500,0.313950688,,,TRUE,TRUE,INACTIVE,FALSE,FALSE,
650557,7/24/25,7/1/25,55721,SouthWest,D,,2500,1910,1910,1910,0.174618199,,554,TRUE,FALSE,INACTIVE,FALSE,FALSE,
789784,7/24/25,7/1/25,90493,West,B,,3000,2320,2320,2320,0.15034461,,584,TRUE,FALSE,INACTIVE,FALSE,FALSE,
407449,7/24/25,7/1/25,75063,NorthEast,F,,2100,300,1500,1500,0.339322299,,566,TRUE,TRUE,INACTIVE,FALSE,FALSE,
735315,7/25/25,7/1/25,78467,NorthEast,B,,3200,3210,3210,3210,0.105341934,,589,TRUE,FALSE,INACTIVE,FALSE,FALSE,
380210,7/25/25,7/1/25,65790,West,D,,1800,1920,1920,1920,0.174195275,,556,TRUE,FALSE,INACTIVE,FALSE,FALSE,
184772,7/25/25,7/1/25,90487,West,D,,3000,300,1500,1500,0.303028911,,,TRUE,FALSE,INACTIVE,FALSE,FALSE,
602030,7/25/25,7/1/25,68385,SouthWest,B,,2000,3540,3540,3540,0.0898128,,584,TRUE,FALSE,INACTIVE,FALSE,FALSE,
156044,7/25/25,7/1/25,78470,SouthEast,F,,1877.55,300,1500,1500,0.350197017,,506,TRUE,FALSE,INACTIVE,FALSE,FALSE,
125289,7/25/25,7/1/25,73231,West,E,,1750,300,1500,1500,0.299028307,,518,TRUE,FALSE,INACTIVE,FALSE,FALSE,
227969,7/25/25,7/1/25,90492,West,C,,2000,2970,2970,2970,0.117283203,,615,TRUE,FALSE,INACTIVE,FALSE,FALSE,
668986,7/25/25,7/1/25,79705,West,B,,864.87,4680,4680,4680,0.054106537,,608,TRUE,FALSE,INACTIVE,FALSE,FALSE,
767457,7/25/25,7/1/25,78467,NorthEast,B,,3200,5000,5000,5000,0.042169753,,596,TRUE,FALSE,INACTIVE,FALSE,FALSE,
925905,7/26/25,7/1/25,90492,West,C,,2000,1780,1780,1780,0.182336539,,,TRUE,FALSE,INACTIVE,FALSE,FALSE,
309529,7/26/25,7/1/25,55721,SouthWest,B,,2825,2210,2210,2210,0.157012612,,581,TRUE,FALSE,INACTIVE,FALSE,FALSE,
386572,7/26/25,7/1/25,68385,SouthWest,A,A,1600,5000,5000,5000,0.037607946,0.031226799,589,TRUE,FALSE,INACTIVE,TRUE,TRUE,FALSE
822142,7/26/25,7/1/25,78470,SouthEast,C,,1877.55,750,1500,1500,0.251075864,,,TRUE,FALSE,INACTIVE,FALSE,FALSE,
50067,7/26/25,7/1/25,49344,West,B,B,2100,3620,3620,3620,0.085836269,0.104328938,550,TRUE,FALSE,COMPLETE,TRUE,TRUE,TRUE
246762,7/26/25,7/1/25,84832,SouthEast,F,,2300,300,1500,1500,0.539037406,,522,FALSE,FALSE,DENIED,FALSE,FALSE,
237372,7/26/25,7/1/25,68385,SouthWest,C,F,1000,2010,2010,2010,0.16918312,0.28067255,550,TRUE,FALSE,DENIED,TRUE,FALSE,
546375,7/26/25,7/1/25,55721,SouthWest,A,A,3500,5000,5000,5000,0.025631109,0.025197413,651,TRUE,FALSE,COMPLETE,TRUE,TRUE,TRUE
838323,7/26/25,7/1/25,37644,SouthEast,C,,2100,710,1500,1500,0.255640835,,,TRUE,FALSE,INACTIVE,FALSE,FALSE,
971621,7/26/25,7/1/25,68385,SouthWest,B,A,1500,3780,3780,3780,0.079686694,0.053842872,589,TRUE,FALSE,COMPLETE,TRUE,TRUE,TRUE
31823,7/26/25,7/1/25,90495,West,C,,2800,1300,1500,1500,0.211126804,,488,TRUE,FALSE,INACTIVE,FALSE,FALSE,
827991,7/26/25,7/1/25,51515,MidWest,C,,2500,2260,2500,2500,0.154162243,,559,TRUE,FALSE,INACTIVE,FALSE,FALSE,
306002,7/27/25,7/1/25,55720,SouthWest,B,A,3000,4090,4090,4090,0.070894301,0.052644577,579,TRUE,FALSE,COMPLETE,TRUE,TRUE,TRUE
786253,7/27/25,7/1/25,90495,West,B,,2000,3380,3380,3380,0.097178988,,558,TRUE,FALSE,INACTIVE,FALSE,FALSE,
920086,7/27/25,7/1/25,95737,NorthEast,B,,2300,5000,5000,5000,0.042663336,,610,TRUE,FALSE,INACTIVE,FALSE,FALSE,
69851,7/27/25,7/1/25,55720,SouthWest,D,,2300,1650,1650,1650,0.190034628,,599,TRUE,FALSE,INACTIVE,FALSE,FALSE,
176764,7/28/25,7/1/25,84832,SouthEast,B,A,2500,4400,4400,4400,0.062161334,0.061650325,589,TRUE,FALSE,INACTIVE,TRUE,TRUE,FALSE
885832,7/28/25,7/1/25,84832,SouthEast,B,A,2500,4110,4110,4110,0.070401989,0.076836109,589,TRUE,FALSE,INACTIVE,TRUE,TRUE,FALSE
983344,7/28/25,7/1/25,51515,MidWest,B,,2200,2800,2800,2800,0.125424936,,560,TRUE,FALSE,INACTIVE,FALSE,FALSE,
404745,7/29/25,7/1/25,63956,NorthEast,B,A,1800,5000,5000,5000,0.038145196,0.040454153,609,TRUE,FALSE,INACTIVE,TRUE,TRUE,FALSE
966560,7/29/25,7/1/25,37644,SouthEast,B,,3500,4020,4020,4020,0.072826035,,579,TRUE,FALSE,INACTIVE,FALSE,FALSE,
221151,7/29/25,7/1/25,56437,SouthEast,F,,2250,300,1500,1500,0.46406284,,535,FALSE,FALSE,DENIED,FALSE,FALSE,
842876,7/29/25,7/1/25,87502,NorthEast,F,,2200,300,1500,1500,0.322990239,,,TRUE,TRUE,INACTIVE,FALSE,FALSE,
681439,7/29/25,7/1/25,56437,SouthEast,E,,2500,300,1500,1500,0.298420131,,,TRUE,FALSE,INACTIVE,FALSE,FALSE,
12458,7/29/25,7/1/25,37648,SouthWest,E,,2500,660,1500,1500,0.259731412,,,TRUE,FALSE,INACTIVE,FALSE,FALSE,
114052,7/30/25,7/1/25,84832,SouthEast,C,F,2300,1170,1500,1500,0.218376637,0.321534425,459,TRUE,FALSE,DENIED,TRUE,FALSE,
839024,7/30/25,7/1/25,54008,SouthEast,F,,2200,300,1500,1500,0.306268811,,441,TRUE,TRUE,INACTIVE,FALSE,FALSE,
61121,7/31/25,7/1/25,84832,SouthEast,F,,2600,580,1500,1500,0.267710596,,620,TRUE,FALSE,INACTIVE,FALSE,FALSE,
726150,7/31/25,7/1/25,84832,SouthEast,A,,2300,5000,5000,5000,0.042513933,,593,TRUE,FALSE,INACTIVE,FALSE,FALSE,
953282,7/31/25,7/1/25,90487,West,F,,3000,300,1500,1500,0.472694635,,499,FALSE,FALSE,DENIED,FALSE,FALSE,
768476,7/31/25,7/1/25,75061,NorthEast,F,,2400,300,1500,1500,0.312061667,,,TRUE,FALSE,INACTIVE,FALSE,FALSE,
21846,7/31/25,7/1/25,73231,West,C,,1200,1960,1960,1960,0.171702862,,564,TRUE,FALSE,INACTIVE,FALSE,FALSE,
233432,7/31/25,7/1/25,39554,West,F,,2000,300,1500,1500,0.416031629,,588,FALSE,FALSE,DENIED,FALSE,FALSE,
837641,7/31/25,7/1/25,90477,West,B,A,2500,4450,4450,4450,0.06051676,0.041930322,552,TRUE,FALSE,INACTIVE,TRUE,TRUE,FALSE
953827,8/1/25,8/1/25,68385,SouthWest,B,A,1750,4400,4400,4400,0.062204767,0.034610059,576,TRUE,FALSE,COMPLETE,TRUE,TRUE,TRUE
225206,8/1/25,8/1/25,73231,West,E,,900,390,1500,1500,0.285866559,,488,FALSE,FALSE,DENIED,FALSE,FALSE,
57237,8/1/25,8/1/25,84832,SouthEast,B,B,2300,3170,3170,3170,0.107248381,0.121413536,568,TRUE,FALSE,COMPLETE,TRUE,TRUE,TRUE
49227,8/1/25,8/1/25,79705,West,B,,5000,2670,2670,2670,0.131659865,,559,TRUE,FALSE,INACTIVE,FALSE,FALSE,
836784,8/1/25,8/1/25,37643,SouthEast,D,E,650,920,1500,1500,0.234907344,0.238024041,513,TRUE,FALSE,COMPLETE,TRUE,TRUE,TRUE
461872,8/1/25,8/1/25,90495,West,F,,2800,300,1500,1500,0.372139722,,588,FALSE,FALSE,DENIED,FALSE,FALSE,
263631,8/1/25,8/1/25,37644,SouthEast,F,,2500,300,1500,1500,0.415146649,,554,FALSE,FALSE,DENIED,FALSE,FALSE,
401735,8/2/25,8/1/25,37644,SouthEast,C,C,2200,1800,1800,1800,0.181605428,0.145012766,604,TRUE,FALSE,INACTIVE,TRUE,TRUE,FALSE
752979,8/2/25,8/1/25,90493,West,D,,2000,750,1500,1500,0.251014143,,,TRUE,FALSE,INACTIVE,FALSE,FALSE,
345295,8/2/25,8/1/25,77604,NorthEast,A,A,1625,5000,5000,5000,0.02584861,0.019567057,606,TRUE,FALSE,INACTIVE,TRUE,TRUE,FALSE
93548,8/2/25,8/1/25,56437,SouthEast,C,,2500,1240,1500,1500,0.214372203,,,TRUE,FALSE,INACTIVE,FALSE,FALSE,
257359,8/2/25,8/1/25,37644,SouthEast,C,B,2200,2340,2340,2340,0.149366483,0.10901656,604,TRUE,FALSE,COMPLETE,TRUE,TRUE,TRUE
666582,8/2/25,8/1/25,73231,West,C,,2000,3050,3050,3050,0.113373414,,530,TRUE,FALSE,INACTIVE,FALSE,FALSE,
75194,8/2/25,8/1/25,78467,NorthEast,C,B,1600,2750,2750,2750,0.127483606,0.083724618,608,TRUE,FALSE,COMPLETE,TRUE,TRUE,TRUE
79850,8/2/25,8/1/25,49344,West,D,,2100,1570,1570,1570,0.19522281,,523,TRUE,FALSE,PREQUALIFIED,FALSE,FALSE,
39766,8/2/25,8/1/25,78467,NorthEast,D,C,2600,630,1500,1500,0.262882739,0.183699742,631,TRUE,FALSE,COMPLETE,TRUE,TRUE,TRUE
826325,8/2/25,8/1/25,54008,SouthEast,C,,2500,2060,2060,2060,0.165751383,,498,TRUE,FALSE,INACTIVE,FALSE,FALSE,
53036,8/2/25,8/1/25,90485,West,B,,1900,5000,5000,5000,0.043104429,,592,TRUE,FALSE,INACTIVE,FALSE,FALSE,
121782,8/2/25,8/1/25,55721,SouthWest,C,,2500,650,1500,1500,0.260823458,,,TRUE,FALSE,INACTIVE,FALSE,FALSE,
43974,8/2/25,8/1/25,39554,West,F,,2000,300,1500,1500,0.33147198,,538,TRUE,TRUE,INACTIVE,FALSE,FALSE,
649567,8/3/25,8/1/25,63956,NorthEast,B,,1800,5000,5000,5000,0.03649386,,618,TRUE,FALSE,INACTIVE,FALSE,FALSE,
553552,8/3/25,8/1/25,54008,SouthEast,D,,2199,920,1500,1500,0.235475525,,539,TRUE,FALSE,INACTIVE,FALSE,FALSE,
847045,8/3/25,8/1/25,75063,NorthEast,C,,1600,2740,2740,2740,0.127998814,,573,TRUE,FALSE,INACTIVE,FALSE,FALSE,
693396,8/3/25,8/1/25,78469,SouthEast,C,,2600,1290,1500,1500,0.211409435,,603,TRUE,FALSE,INACTIVE,FALSE,FALSE,
472808,8/3/25,8/1/25,56437,SouthEast,C,,1600,1640,1640,1640,0.191033393,,,TRUE,FALSE,INACTIVE,FALSE,FALSE,
472766,8/3/25,8/1/25,90493,West,B,C,3000,3400,3400,3400,0.096544176,0.183483467,613,TRUE,FALSE,COMPLETE,TRUE,TRUE,TRUE
124894,8/3/25,8/1/25,75063,NorthEast,C,,1600,1540,1600,1600,0.196658045,,536,TRUE,FALSE,INACTIVE,FALSE,FALSE,
947592,8/3/25,8/1/25,56437,SouthEast,C,E,2500,1940,1940,1940,0.173155621,0.237711817,564,TRUE,FALSE,INACTIVE,TRUE,TRUE,FALSE
10162,8/3/25,8/1/25,79705,West,F,F,2300,300,1500,1500,0.403878629,0.430242062,538,TRUE,FALSE,DENIED,TRUE,FALSE,
106651,8/3/25,8/1/25,79705,West,F,,2300,300,1500,1500,0.373662919,,544,TRUE,FALSE,INACTIVE,FALSE,FALSE,
372133,8/4/25,8/1/25,54008,SouthEast,F,,2000,300,1500,1500,0.512055933,,530,FALSE,FALSE,DENIED,FALSE,FALSE,
796248,8/4/25,8/1/25,68385,SouthWest,F,F,2500,300,1500,1500,0.409388691,0.473951399,521,TRUE,FALSE,DENIED,TRUE,FALSE,
123896,8/4/25,8/1/25,63956,NorthEast,B,,1900,3520,3520,3520,0.090821698,,601,TRUE,FALSE,INACTIVE,FALSE,FALSE,
712414,8/4/25,8/1/25,55721,SouthWest,C,,3500,2230,2230,2230,0.155639261,,591,TRUE,FALSE,INACTIVE,FALSE,FALSE,
127043,8/4/25,8/1/25,55722,West,C,,2000,3220,3220,3220,0.10500297,,569,TRUE,FALSE,INACTIVE,FALSE,FALSE,
975161,8/4/25,8/1/25,75063,NorthEast,B,,2100,3350,3350,3350,0.098888516,,559,TRUE,TRUE,INACTIVE,FALSE,FALSE,
680140,8/4/25,8/1/25,37644,SouthEast,F,,2800,300,1500,1500,0.452682078,,526,FALSE,FALSE,DENIED,FALSE,FALSE,
543099,8/4/25,8/1/25,73231,West,B,,2000,3880,3880,3880,0.076836228,,567,TRUE,FALSE,INACTIVE,FALSE,FALSE,
658647,8/4/25,8/1/25,65790,West,C,,3000,1450,1500,1500,0.20194678,,,TRUE,FALSE,INACTIVE,FALSE,FALSE,
569733,8/4/25,8/1/25,49344,West,D,,2000,1590,1590,1590,0.193762884,,546,TRUE,FALSE,COMPLETE,TRUE,TRUE,TRUE
426763,8/4/25,8/1/25,37641,MidWest,B,B,1500,5000,5000,5000,0.037062425,0.079318382,605,TRUE,FALSE,INACTIVE,TRUE,TRUE,FALSE
772280,8/5/25,8/1/25,37643,SouthEast,C,B,2100,2160,2160,2160,0.160341904,0.111047111,521,TRUE,FALSE,COMPLETE,TRUE,TRUE,TRUE
309284,8/5/25,8/1/25,68385,SouthWest,F,,2750,300,1500,1500,0.538758576,,541,FALSE,FALSE,DENIED,FALSE,FALSE,
689520,8/5/25,8/1/25,55720,SouthWest,F,,2800,300,1500,1500,0.624661386,,535,FALSE,FALSE,DENIED,FALSE,FALSE,
880184,8/5/25,8/1/25,49344,West,F,,1700,300,1500,1500,0.360075265,,,TRUE,TRUE,PREQUALIFIED,FALSE,FALSE,
321847,8/5/25,8/1/25,75063,NorthEast,D,,1600,1050,1500,1500,0.225859031,,573,TRUE,FALSE,INACTIVE,FALSE,FALSE,
223480,8/5/25,8/1/25,56437,SouthEast,C,A,2000,2060,2060,2060,0.166011766,0.065700643,550,TRUE,FALSE,COMPLETE,TRUE,TRUE,TRUE
790309,8/5/25,8/1/25,56437,SouthEast,C,,2500,1070,1500,1500,0.224755347,,,TRUE,FALSE,INACTIVE,FALSE,FALSE,
659951,8/5/25,8/1/25,78467,NorthEast,B,,2600,4840,4840,4840,0.049569093,,602,TRUE,FALSE,INACTIVE,FALSE,FALSE,
911003,8/6/25,8/1/25,90493,West,E,C,3000,1520,1520,1520,0.198157728,0.176792204,570,TRUE,FALSE,INACTIVE,TRUE,TRUE,FALSE
458903,8/6/25,8/1/25,90492,West,F,E,1950,300,1500,1500,0.316658437,0.247233436,567,TRUE,TRUE,INACTIVE,TRUE,TRUE,FALSE
394548,8/6/25,8/1/25,65790,West,F,,2800,300,1500,1500,0.325132489,,,TRUE,TRUE,INACTIVE,FALSE,FALSE,
595654,8/6/25,8/1/25,75983,NorthEast,F,E,2255,940,1500,1500,0.232934996,0.26189357,,TRUE,FALSE,INACTIVE,TRUE,TRUE,FALSE
540893,8/6/25,8/1/25,90485,West,C,,2300,5000,5000,5000,0.041301109,,598,TRUE,FALSE,INACTIVE,FALSE,FALSE,
974554,8/6/25,8/1/25,54008,SouthEast,C,C,700,2220,2220,2220,0.156748027,0.18434228,544,TRUE,FALSE,COMPLETE,TRUE,TRUE,TRUE
405308,8/6/25,8/1/25,90485,West,C,,1900,5000,5000,5000,0.043361619,,598,TRUE,FALSE,INACTIVE,FALSE,FALSE,
195746,8/6/25,8/1/25,68385,SouthWest,D,,2500,980,1500,1500,0.22984077,,,TRUE,FALSE,INACTIVE,FALSE,FALSE,
660478,8/6/25,8/1/25,65790,West,D,,2800,4370,4370,4370,0.062799722,,584,TRUE,FALSE,INACTIVE,FALSE,FALSE,
129391,8/6/25,8/1/25,90495,West,F,,2600,300,1500,1500,0.37651673,,579,FALSE,FALSE,DENIED,FALSE,FALSE,
555647,8/6/25,8/1/25,49344,West,C,,2000,4210,4210,4210,0.067368932,,618,TRUE,FALSE,PREQUALIFIED,FALSE,FALSE,
478679,8/7/25,8/1/25,78469,SouthEast,C,A,2300,4380,4380,4380,0.062644601,0.046287268,586,TRUE,FALSE,INACTIVE,TRUE,TRUE,FALSE
602460,8/7/25,8/1/25,39554,West,B,,2000,3490,3490,3490,0.091886885,,549,TRUE,FALSE,COMPLETE,TRUE,TRUE,TRUE
381984,8/7/25,8/1/25,90492,West,F,,2500,1940,1940,1940,0.172780246,,567,TRUE,FALSE,INACTIVE,FALSE,FALSE,
3185,8/8/25,8/1/25,85890,West,E,F,1399,2250,2250,2250,0.154644936,0.28882125,602,TRUE,FALSE,INACTIVE,TRUE,TRUE,FALSE
344562,8/8/25,8/1/25,90483,West,C,,2000,2900,2900,2900,0.120484203,,631,TRUE,FALSE,INACTIVE,FALSE,FALSE,
357346,8/8/25,8/1/25,37644,SouthEast,F,,2000,2170,2170,2170,0.159394592,,502,TRUE,FALSE,INACTIVE,FALSE,FALSE,
613817,8/8/25,8/1/25,55721,SouthWest,F,,3000,300,1500,1500,0.315831721,,593,TRUE,TRUE,INACTIVE,FALSE,FALSE,
190292,8/8/25,8/1/25,55721,SouthWest,F,,3000,300,1500,1500,0.34189713,,442,TRUE,TRUE,INACTIVE,FALSE,FALSE,
101643,8/8/25,8/1/25,54008,SouthEast,F,,2200,300,1500,1500,0.384354919,,513,FALSE,FALSE,DENIED,FALSE,FALSE,
362115,8/8/25,8/1/25,72819,NorthEast,B,,1900,4130,4130,4130,0.069811665,,589,TRUE,FALSE,INACTIVE,FALSE,FALSE,
37956,8/8/25,8/1/25,37644,SouthEast,F,C,2500,1450,1500,1500,0.201744139,0.180037349,,TRUE,FALSE,COMPLETE,TRUE,TRUE,TRUE
651462,8/8/25,8/1/25,78470,SouthEast,D,,1712.01,1770,1770,1770,0.183161721,,623,TRUE,FALSE,INACTIVE,FALSE,FALSE,
219321,8/8/25,8/1/25,37641,MidWest,D,D,281.67,1930,1930,1930,0.173535407,0.226026058,,TRUE,FALSE,COMPLETE,TRUE,TRUE,TRUE
141662,8/8/25,8/1/25,54008,SouthEast,F,,2600,300,1500,1500,0.387343526,,541,FALSE,FALSE,DENIED,FALSE,FALSE,
900588,8/9/25,8/1/25,73708,NorthEast,F,F,1741,1670,1750,1750,0.188952297,0.293745488,582,TRUE,FALSE,COMPLETE,TRUE,TRUE,TRUE
233407,8/9/25,8/1/25,68385,SouthWest,F,,1800,300,1500,1500,0.395246208,,528,FALSE,FALSE,DENIED,FALSE,FALSE,
936033,8/9/25,8/1/25,75062,NorthEast,F,,1300,300,1500,1500,0.335366726,,543,FALSE,FALSE,DENIED,FALSE,FALSE,
517767,8/9/25,8/1/25,73708,NorthEast,F,,1741,1690,1750,1750,0.188127264,,582,TRUE,FALSE,INACTIVE,FALSE,FALSE,
310243,8/9/25,8/1/25,68385,SouthWest,F,F,600,300,1500,1500,0.320016831,0.278534412,524,TRUE,FALSE,COMPLETE,TRUE,TRUE,TRUE
418778,8/9/25,8/1/25,84832,SouthEast,F,F,2650,300,1500,1500,0.373302072,0.374949366,565,TRUE,FALSE,COMPLETE,TRUE,TRUE,TRUE
645453,8/9/25,8/1/25,51515,MidWest,B,,1400,5000,5000,5000,0.022366313,,600,TRUE,FALSE,INACTIVE,FALSE,FALSE,
295039,8/9/25,8/1/25,65790,West,F,,1800,300,1500,1500,0.359535336,,487,TRUE,TRUE,INACTIVE,FALSE,FALSE,
909579,8/9/25,8/1/25,75062,NorthEast,F,F,1300,300,1500,1500,0.357948214,0.267596006,557,TRUE,TRUE,INACTIVE,TRUE,TRUE,FALSE
451319,8/9/25,8/1/25,73231,West,F,,2000,950,1500,1500,0.232382864,,,FALSE,FALSE,DENIED,FALSE,FALSE,
706110,8/10/25,8/1/25,49344,West,F,,2000,300,1500,1500,0.45616436,,514,FALSE,FALSE,DENIED,FALSE,FALSE,
61401,8/11/25,8/1/25,55721,SouthWest,F,,4500,380,1500,1500,0.286927521,,560,TRUE,TRUE,INACTIVE,FALSE,FALSE,
387770,8/11/25,8/1/25,73231,West,F,C,1800,2170,2170,2170,0.159664124,0.143786639,548,TRUE,FALSE,COMPLETE,TRUE,TRUE,TRUE
570476,8/11/25,8/1/25,51279,West,F,D,1000,690,1500,1500,0.257623076,0.216163576,530,TRUE,FALSE,INACTIVE,TRUE,TRUE,FALSE
255657,8/11/25,8/1/25,37644,SouthEast,F,,1800,300,1500,1500,0.313031107,,537,TRUE,TRUE,INACTIVE,FALSE,FALSE,
703141,8/11/25,8/1/25,75983,NorthEast,F,F,1755,300,1500,1500,0.342989355,0.292415887,514,TRUE,TRUE,INACTIVE,TRUE,FALSE,
490875,8/11/25,8/1/25,55721,SouthWest,F,,4500,480,1500,1500,0.277170897,,494,TRUE,TRUE,INACTIVE,FALSE,FALSE,
486014,8/11/25,8/1/25,63956,NorthEast,F,,2300,340,1500,1500,0.290393978,,557,TRUE,FALSE,INACTIVE,FALSE,FALSE,
742879,8/12/25,8/1/25,37648,SouthWest,F,,3000,300,1500,1500,0.318797588,,,FALSE,FALSE,DENIED,FALSE,FALSE,
891977,8/12/25,8/1/25,55721,SouthWest,C,B,395,3410,3410,3410,0.095971532,0.083664007,581,TRUE,FALSE,INACTIVE,TRUE,TRUE,FALSE
403039,8/12/25,8/1/25,78469,SouthEast,C,B,1712,4180,4180,4180,0.068264551,0.083892256,587,TRUE,FALSE,COMPLETE,TRUE,TRUE,TRUE
771389,8/12/25,8/1/25,39556,West,D,,2400,1730,1730,1730,0.185675934,,548,TRUE,FALSE,INACTIVE,FALSE,FALSE,
914187,8/12/25,8/1/25,75062,NorthEast,F,,1755,2290,2290,2290,0.152415991,,592,TRUE,FALSE,INACTIVE,FALSE,FALSE,
275776,8/13/25,8/1/25,49344,West,C,A,700,2610,2610,2610,0.134453803,0.074079089,580,TRUE,FALSE,COMPLETE,TRUE,TRUE,TRUE
914015,8/13/25,8/1/25,95737,NorthEast,B,,2400,4410,4410,4410,0.061704475,,569,TRUE,FALSE,INACTIVE,FALSE,FALSE,
223904,8/13/25,8/1/25,78467,NorthEast,F,,1700,860,1500,1500,0.241220877,,549,TRUE,TRUE,INACTIVE,FALSE,FALSE,
136526,8/13/25,8/1/25,73708,NorthEast,F,,2300,760,1500,1500,0.250758111,,,TRUE,TRUE,INACTIVE,FALSE,FALSE,
671789,8/13/25,8/1/25,95737,NorthEast,B,,2400,4220,4220,4220,0.067201935,,569,TRUE,FALSE,INACTIVE,FALSE,FALSE,
767077,8/14/25,8/1/25,56437,SouthEast,C,,2500,4460,4460,4460,0.060347613,,597,TRUE,FALSE,INACTIVE,FALSE,FALSE,
946575,8/14/25,8/1/25,90495,West,F,,2500,1600,1600,1600,0.193220213,,566,TRUE,FALSE,INACTIVE,FALSE,FALSE,
700577,8/14/25,8/1/25,39554,West,F,B,2000,2190,2190,2190,0.158569187,0.115046985,584,TRUE,TRUE,INACTIVE,TRUE,TRUE,FALSE
942392,8/14/25,8/1/25,49344,West,E,C,1700,1880,1880,1880,0.176674619,0.150283858,599,TRUE,FALSE,COMPLETE,TRUE,TRUE,TRUE
158863,8/15/25,8/1/25,78470,SouthEast,B,,1712.01,5000,5000,5000,0.042179745,,608,TRUE,FALSE,INACTIVE,FALSE,FALSE,
967504,8/15/25,8/1/25,54008,SouthEast,F,E,2500,570,1500,1500,0.268140286,0.240604207,462,TRUE,TRUE,COMPLETE,TRUE,TRUE,TRUE
624275,8/15/25,8/1/25,55721,SouthWest,B,,5000,5000,5000,5000,0.023497041,,620,TRUE,FALSE,INACTIVE,FALSE,FALSE,
41166,8/15/25,8/1/25,79705,West,D,,3000,1040,1500,1500,0.2264117,,584,TRUE,FALSE,INACTIVE,FALSE,FALSE,
713228,8/15/25,8/1/25,73231,West,B,,1800,5000,5000,5000,0.0272182,,614,TRUE,FALSE,INACTIVE,FALSE,FALSE,
84453,8/16/25,8/1/25,68385,SouthWest,C,B,1800,1310,1500,1500,0.210390225,0.114317864,603,TRUE,FALSE,COMPLETE,TRUE,TRUE,TRUE
442618,8/16/25,8/1/25,79705,West,F,,2000,550,1500,1500,0.270628482,,534,TRUE,FALSE,INACTIVE,FALSE,FALSE,
97264,8/16/25,8/1/25,49344,West,D,C,700,1850,1850,1850,0.178102642,0.145245358,498,TRUE,TRUE,COMPLETE,TRUE,TRUE,TRUE
296035,8/16/25,8/1/25,78467,NorthEast,F,,1600,650,1500,1500,0.26102224,,,TRUE,TRUE,INACTIVE,FALSE,FALSE,
233022,8/16/25,8/1/25,37644,SouthEast,D,B,2700,2740,2740,2740,0.128030464,0.081372857,560,TRUE,FALSE,COMPLETE,TRUE,TRUE,TRUE
315983,8/16/25,8/1/25,90493,West,F,,2500,1890,1890,1890,0.175883248,,532,TRUE,FALSE,INACTIVE,FALSE,FALSE,
219865,8/16/25,8/1/25,75063,NorthEast,D,C,2100,1680,1680,1680,0.188636959,0.146488741,,TRUE,FALSE,INACTIVE,TRUE,TRUE,FALSE
737238,8/16/25,8/1/25,65790,West,E,,2000,1470,1500,1500,0.201040894,,,TRUE,FALSE,INACTIVE,FALSE,FALSE,
718010,8/16/25,8/1/25,78470,SouthEast,E,,1712,860,1500,1500,0.240479112,,,TRUE,FALSE,INACTIVE,FALSE,FALSE,
792485,8/16/25,8/1/25,65790,West,F,,2000,300,1500,1500,0.361503929,,591,FALSE,FALSE,DENIED,FALSE,FALSE,
817633,8/17/25,8/1/25,78469,SouthEast,F,E,1712,300,1500,1500,0.334639788,0.246092945,477,TRUE,TRUE,INACTIVE,TRUE,FALSE,
960517,8/17/25,8/1/25,55722,West,E,C,4000,2400,2400,2400,0.145762011,0.158013523,579,TRUE,FALSE,COMPLETE,TRUE,TRUE,TRUE
230166,8/17/25,8/1/25,78469,SouthEast,C,,2100,2010,2100,2100,0.168673262,,533,TRUE,FALSE,INACTIVE,FALSE,FALSE,
704379,8/17/25,8/1/25,54008,SouthEast,F,,2500,300,1500,1500,0.375001341,,555,FALSE,FALSE,DENIED,FALSE,FALSE,
103277,8/17/25,8/1/25,71513,West,C,,1800,5000,5000,5000,0.038421813,,579,TRUE,FALSE,INACTIVE,FALSE,FALSE,
64635,8/17/25,8/1/25,90493,West,B,,3000,5000,5000,5000,0.044203971,,599,TRUE,FALSE,INACTIVE,FALSE,FALSE,
794761,8/17/25,8/1/25,90496,West,D,,3000,2790,3000,3000,0.125758037,,573,TRUE,FALSE,INACTIVE,FALSE,FALSE,
966562,8/17/25,8/1/25,55722,West,E,B,4000,1610,1610,1610,0.1923251,0.14052622,579,TRUE,FALSE,INACTIVE,TRUE,TRUE,FALSE
722345,8/18/25,8/1/25,84832,SouthEast,D,C,1100,1130,1500,1500,0.2207167,0.182070136,,TRUE,TRUE,COMPLETE,TRUE,TRUE,TRUE
161532,8/18/25,8/1/25,90492,West,E,,3000,3050,3050,3050,0.11314334,,591,TRUE,FALSE,INACTIVE,FALSE,FALSE,
21411,8/18/25,8/1/25,90492,West,E,,3000,3070,3070,3070,0.112424545,,591,TRUE,FALSE,INACTIVE,FALSE,FALSE,
774947,8/18/25,8/1/25,75063,NorthEast,C,,1000,2570,2570,2570,0.136281386,,546,TRUE,FALSE,INACTIVE,FALSE,FALSE,
529332,8/18/25,8/1/25,87502,NorthEast,C,,1800,3260,3260,3260,0.103199765,,558,TRUE,TRUE,INACTIVE,FALSE,FALSE,
560657,8/18/25,8/1/25,87502,NorthEast,F,D,3000,910,1500,1500,0.235876113,0.223497465,576,TRUE,FALSE,COMPLETE,TRUE,TRUE,TRUE
343701,8/19/25,8/1/25,73414,West,E,C,1800,1220,1500,1500,0.215389922,0.147500262,573,TRUE,FALSE,COMPLETE,TRUE,TRUE,TRUE
410563,8/19/25,8/1/25,87502,NorthEast,E,B,2300,3080,3080,3080,0.111995764,0.101087682,591,TRUE,FALSE,COMPLETE,TRUE,TRUE,TRUE
332513,8/19/25,8/1/25,90487,West,C,,2400,3330,3330,3330,0.099811748,,559,TRUE,FALSE,INACTIVE,FALSE,FALSE,
250819,8/19/25,8/1/25,56437,SouthEast,C,A,2500,4190,4190,4190,0.068084501,0.068807989,585,TRUE,FALSE,COMPLETE,TRUE,TRUE,TRUE
475650,8/19/25,8/1/25,90489,West,E,,3500,1630,1630,1630,0.191682547,,611,TRUE,FALSE,INACTIVE,FALSE,FALSE,
442972,8/19/25,8/1/25,54008,SouthEast,E,E,500,750,1500,1500,0.251401007,0.246329755,459,TRUE,TRUE,COMPLETE,TRUE,TRUE,TRUE
675538,8/20/25,8/1/25,75063,NorthEast,D,,1600,2090,2090,2090,0.164372355,,534,TRUE,FALSE,INACTIVE,FALSE,FALSE,
31008,8/20/25,8/1/25,78469,SouthEast,F,,2247.02,300,1500,1500,0.396062851,,525,TRUE,FALSE,INACTIVE,FALSE,FALSE,
749146,8/20/25,8/1/25,37644,SouthEast,E,,2500,1900,1900,1900,0.175441682,,,TRUE,FALSE,INACTIVE,FALSE,FALSE,
850052,8/20/25,8/1/25,90493,West,F,E,2000,800,1500,1500,0.246460259,0.239459768,556,TRUE,FALSE,INACTIVE,TRUE,TRUE,FALSE
206284,8/20/25,8/1/25,75063,NorthEast,D,,2100,2220,2220,2220,0.156590998,,598,TRUE,FALSE,INACTIVE,FALSE,FALSE,
250747,8/20/25,8/1/25,56437,SouthEast,F,F,2000,300,1500,1500,0.335899085,0.295083225,520,TRUE,TRUE,COMPLETE,TRUE,TRUE,TRUE
195236,8/20/25,8/1/25,75063,NorthEast,F,,2150,300,1500,1500,0.3827371,,506,FALSE,FALSE,DENIED,FALSE,FALSE,
522411,8/20/25,8/1/25,90493,West,F,D,2000,420,1500,1500,0.282510072,0.210731134,572,TRUE,FALSE,COMPLETE,TRUE,TRUE,TRUE
100342,8/20/25,8/1/25,72819,NorthEast,F,,2800,670,1500,1500,0.259475708,,,TRUE,FALSE,INACTIVE,FALSE,FALSE,
965148,8/20/25,8/1/25,54008,SouthEast,F,F,2500,460,1500,1500,0.279504269,0.392883569,559,TRUE,TRUE,INACTIVE,TRUE,FALSE,
410710,8/21/25,8/1/25,73708,NorthEast,F,,2300,300,1500,1500,0.341741264,,,TRUE,TRUE,INACTIVE,FALSE,FALSE,
844189,8/21/25,8/1/25,73708,NorthEast,F,,2300,300,1500,1500,0.356017143,,561,FALSE,FALSE,DENIED,FALSE,FALSE,
994979,8/21/25,8/1/25,73708,NorthEast,F,,2300,300,1500,1500,0.321818173,,561,TRUE,TRUE,INACTIVE,FALSE,FALSE,
764788,8/21/25,8/1/25,84832,SouthEast,F,,2800,300,1500,1500,0.55447346,,534,FALSE,FALSE,DENIED,FALSE,FALSE,
761967,8/21/25,8/1/25,37644,SouthEast,F,,1800,990,1500,1500,0.229403079,,449,TRUE,TRUE,INACTIVE,FALSE,FALSE,
108166,8/21/25,8/1/25,37644,SouthEast,D,C,600,1460,1500,1500,0.201187342,0.161991328,577,TRUE,FALSE,COMPLETE,TRUE,TRUE,TRUE
782777,8/21/25,8/1/25,73231,West,E,D,1100,860,1500,1500,0.240680546,0.208934024,548,TRUE,FALSE,COMPLETE,TRUE,TRUE,TRUE
642219,8/21/25,8/1/25,84832,SouthEast,F,,2800,300,1500,1500,0.551174819,,534,FALSE,FALSE,DENIED,FALSE,FALSE,
861180,8/21/25,8/1/25,90492,West,F,C,2500,710,1500,1500,0.255083799,0.183592007,,TRUE,FALSE,COMPLETE,TRUE,TRUE,TRUE
287499,8/22/25,8/1/25,37644,SouthEast,D,C,2000,2070,2070,2070,0.165256962,0.161076173,585,TRUE,FALSE,COMPLETE,TRUE,TRUE,TRUE
181101,8/22/25,8/1/25,90493,West,D,,2500,2490,2500,2500,0.140841052,,584,TRUE,FALSE,INACTIVE,FALSE,FALSE,
988229,8/22/25,8/1/25,55721,SouthWest,D,,3500,1630,1630,1630,0.191100433,,,TRUE,TRUE,INACTIVE,FALSE,FALSE,
40399,8/22/25,8/1/25,75063,NorthEast,F,,1600,390,1500,1500,0.285372227,,459,TRUE,FALSE,INACTIVE,FALSE,FALSE,
342005,8/22/25,8/1/25,55721,SouthWest,F,,3500,300,1500,1500,0.300527364,,546,TRUE,FALSE,INACTIVE,FALSE,FALSE,
105264,8/22/25,8/1/25,68385,SouthWest,F,,1900,570,1500,1500,0.268781215,,,FALSE,FALSE,DENIED,FALSE,FALSE,
513815,8/23/25,8/1/25,90495,West,F,,2000,400,1500,1500,0.284498394,,558,TRUE,TRUE,INACTIVE,FALSE,FALSE,
622112,8/23/25,8/1/25,78467,NorthEast,B,A,2100,4880,4880,4880,0.048303906,0.056788705,623,TRUE,FALSE,COMPLETE,TRUE,TRUE,TRUE
881408,8/23/25,8/1/25,90482,West,B,,1850,5000,5000,5000,0.039815497,,589,TRUE,FALSE,INACTIVE,FALSE,FALSE,
15339,8/23/25,8/1/25,90485,West,B,A,2500,3470,3470,3470,0.093263514,0.071551211,590,TRUE,FALSE,COMPLETE,TRUE,TRUE,TRUE
643555,8/23/25,8/1/25,37644,SouthEast,D,,1800,3000,3000,3000,0.11585892,,587,TRUE,FALSE,INACTIVE,FALSE,FALSE,
725584,8/23/25,8/1/25,75983,NorthEast,F,,1600,510,1500,1500,0.274490893,,567,TRUE,FALSE,INACTIVE,FALSE,FALSE,
654605,8/24/25,8/1/25,90496,West,C,,3000,5000,5000,5000,0.041409709,,592,TRUE,FALSE,INACTIVE,FALSE,FALSE,
570989,8/24/25,8/1/25,90495,West,F,F,600,1090,1500,1500,0.223457098,0.271647781,,TRUE,TRUE,COMPLETE,TRUE,TRUE,TRUE
421951,8/24/25,8/1/25,75063,NorthEast,B,,1600,5000,5000,5000,0.026871582,,610,TRUE,FALSE,INACTIVE,FALSE,FALSE,
996164,8/24/25,8/1/25,78470,SouthEast,C,A,1712,2250,2250,2250,0.154637292,0.066515453,592,TRUE,FALSE,COMPLETE,TRUE,TRUE,TRUE
176354,8/24/25,8/1/25,77604,NorthEast,B,,2400,5000,5000,5000,0.026883088,,598,TRUE,FALSE,INACTIVE,FALSE,FALSE,
687429,8/24/25,8/1/25,75062,NorthEast,C,D,4000,2500,2500,2500,0.139989838,0.216507897,572,TRUE,FALSE,COMPLETE,TRUE,TRUE,TRUE
381591,8/24/25,8/1/25,90493,West,B,,2694.83,5000,5000,5000,0.036984824,,590,TRUE,FALSE,INACTIVE,FALSE,FALSE,
386022,8/24/25,8/1/25,56437,SouthEast,D,D,2500,1810,1810,1810,0.180839792,0.207967073,,TRUE,FALSE,INACTIVE,TRUE,TRUE,FALSE
482897,8/24/25,8/1/25,37643,SouthEast,F,,1710,1770,1770,1770,0.183185473,,550,TRUE,FALSE,INACTIVE,FALSE,FALSE,
146766,8/25/25,8/1/25,49344,West,D,B,1700,2420,2420,2420,0.144489914,0.089567691,570,TRUE,FALSE,COMPLETE,TRUE,TRUE,TRUE
423358,8/25/25,8/1/25,37644,SouthEast,F,,3700,300,1500,1500,0.385120869,,543,FALSE,FALSE,DENIED,FALSE,FALSE,
324763,8/25/25,8/1/25,79705,West,E,E,1900,970,1500,1500,0.230674505,0.252946436,,TRUE,TRUE,COMPLETE,TRUE,TRUE,TRUE
515993,8/25/25,8/1/25,90483,West,F,,2000,1220,1500,1500,0.215805456,,,TRUE,FALSE,INACTIVE,FALSE,FALSE,
382507,8/25/25,8/1/25,56437,SouthEast,F,,2000,300,1500,1500,0.415951759,,521,FALSE,FALSE,DENIED,FALSE,FALSE,
380156,8/25/25,8/1/25,54008,SouthEast,B,,1500,4750,4750,4750,0.052114382,,584,TRUE,FALSE,INACTIVE,FALSE,FALSE,
106160,8/25/25,8/1/25,69568,West,E,,1959.07,4360,4360,4360,0.063151218,,590,TRUE,FALSE,INACTIVE,FALSE,FALSE,
665183,8/25/25,8/1/25,84832,SouthEast,F,,2800,300,1500,1500,0.560011446,,530,FALSE,FALSE,DENIED,FALSE,FALSE,
82347,8/25/25,8/1/25,79705,West,B,A,2500,5000,5000,5000,0.031419594,0.035916407,609,TRUE,FALSE,INACTIVE,TRUE,TRUE,FALSE
501208,8/25/25,8/1/25,90493,West,F,C,1900,1000,1500,1500,0.228615314,0.159942776,550,TRUE,FALSE,INACTIVE,TRUE,TRUE,FALSE
418777,8/25/25,8/1/25,90495,West,C,B,2000,2920,2920,2920,0.11928717,0.078239158,580,TRUE,FALSE,COMPLETE,TRUE,TRUE,TRUE
812087,8/25/25,8/1/25,37644,SouthEast,F,,3700,300,1500,1500,0.330009073,,552,FALSE,FALSE,DENIED,FALSE,FALSE,
178993,8/26/25,8/1/25,54008,SouthEast,F,F,1800,300,1500,1500,0.322540671,0.402425498,584,TRUE,TRUE,COMPLETE,TRUE,TRUE,TRUE
7960,8/26/25,8/1/25,90496,West,E,,300,830,1500,1500,0.243388563,,,TRUE,FALSE,INACTIVE,FALSE,FALSE,
621267,8/26/25,8/1/25,68385,SouthWest,F,F,2200,330,1500,1500,0.291126877,0.295721948,531,TRUE,FALSE,COMPLETE,TRUE,TRUE,TRUE
521545,8/26/25,8/1/25,49344,West,F,,1000,300,1500,1500,0.49758172,,499,FALSE,FALSE,DENIED,FALSE,FALSE,
659086,8/26/25,8/1/25,68385,SouthWest,F,,2200,300,1500,1500,0.311487556,,447,FALSE,FALSE,DENIED,FALSE,FALSE,
884251,8/26/25,8/1/25,63956,NorthEast,F,,3100,300,1500,1500,0.36770162,,488,TRUE,TRUE,INACTIVE,FALSE,FALSE,
380611,8/26/25,8/1/25,90492,West,D,,2450,3190,3190,3190,0.106326997,,606,TRUE,FALSE,INACTIVE,FALSE,FALSE,
775919,8/27/25,8/1/25,90487,West,F,,6000,2960,2960,2960,0.117374413,,598,TRUE,FALSE,INACTIVE,FALSE,FALSE,
144591,8/27/25,8/1/25,56437,SouthEast,F,,1750,790,1500,1500,0.247887895,,575,TRUE,FALSE,INACTIVE,FALSE,FALSE,
836862,8/27/25,8/1/25,78469,SouthEast,F,E,3800,300,1500,1500,0.298270524,0.2336611,582,TRUE,TRUE,COMPLETE,TRUE,TRUE,TRUE
834767,8/27/25,8/1/25,73231,West,F,,1100,780,1500,1500,0.248571694,,559,TRUE,FALSE,INACTIVE,FALSE,FALSE,
889139,8/27/25,8/1/25,55720,SouthWest,F,D,1900,1180,1500,1500,0.217792809,0.199112415,,TRUE,FALSE,COMPLETE,TRUE,TRUE,TRUE
28561,8/27/25,8/1/25,54008,SouthEast,F,,2000,300,1500,1500,0.623245597,,552,FALSE,FALSE,DENIED,FALSE,FALSE,
735398,8/27/25,8/1/25,90487,West,C,C,6000,4980,4980,4980,0.045464233,0.190386742,598,TRUE,FALSE,COMPLETE,TRUE,TRUE,TRUE
249371,8/27/25,8/1/25,55721,SouthWest,C,A,3500,2780,2780,2780,0.126101807,0.058938928,591,TRUE,FALSE,COMPLETE,TRUE,TRUE,TRUE
794904,8/27/25,8/1/25,78469,SouthEast,C,B,3000,2980,3000,3000,0.116803594,0.085903682,612,TRUE,FALSE,COMPLETE,TRUE,TRUE,TRUE
639774,8/27/25,8/1/25,56437,SouthEast,C,B,1750,3070,3070,3070,0.112201802,0.131464183,585,TRUE,FALSE,COMPLETE,TRUE,TRUE,TRUE
793493,8/27/25,8/1/25,90489,West,F,,2500,300,1500,1500,0.535469472,,582,FALSE,FALSE,DENIED,FALSE,FALSE,
9986,8/28/25,8/1/25,78470,SouthEast,F,,2700,300,1500,1500,0.611570358,,560,FALSE,FALSE,DENIED,FALSE,FALSE,
26937,8/28/25,8/1/25,56437,SouthEast,B,B,1800,4540,4540,4540,0.058151864,0.084399089,618,TRUE,FALSE,COMPLETE,TRUE,TRUE,TRUE
420174,8/28/25,8/1/25,68385,SouthWest,C,A,2200,5000,5000,5000,0.044684317,0.04332833,615,TRUE,FALSE,COMPLETE,TRUE,TRUE,TRUE
801487,8/28/25,8/1/25,79705,West,F,,2400,300,1500,1500,0.354270518,,544,TRUE,TRUE,COMPLETE,TRUE,TRUE,TRUE
767313,8/28/25,8/1/25,77604,NorthEast,E,,2300,840,1500,1500,0.242700294,,582,TRUE,FALSE,INACTIVE,FALSE,FALSE,
50065,8/28/25,8/1/25,90495,West,E,C,2500,1350,1500,1500,0.208031431,0.19154796,,TRUE,FALSE,COMPLETE,TRUE,TRUE,TRUE
664447,8/28/25,8/1/25,78469,SouthEast,F,,2234.69,680,1500,1500,0.257647187,,,TRUE,FALSE,INACTIVE,FALSE,FALSE,
422953,8/28/25,8/1/25,84832,SouthEast,F,,2800,660,1500,1500,0.26010102,,584,TRUE,TRUE,INACTIVE,FALSE,FALSE,
446733,8/28/25,8/1/25,90485,West,B,,2400,4540,4540,4540,0.058037728,,595,TRUE,FALSE,INACTIVE,FALSE,FALSE,
930125,8/28/25,8/1/25,68385,SouthWest,F,,2700,880,1500,1500,0.238614649,,517,FALSE,FALSE,DENIED,FALSE,FALSE,
612922,8/29/25,8/1/25,90493,West,D,B,2500,1880,1880,1880,0.176473752,0.117473237,,TRUE,FALSE,COMPLETE,TRUE,TRUE,TRUE
406954,8/29/25,8/1/25,49344,West,F,,2800,300,1500,1500,0.435615033,,532,FALSE,FALSE,DENIED,FALSE,FALSE,
934428,8/29/25,8/1/25,75062,NorthEast,D,,1600,2730,2730,2730,0.128725216,,569,TRUE,FALSE,INACTIVE,FALSE,FALSE,
530559,8/29/25,8/1/25,90496,West,D,,2500,2860,2860,2860,0.122187302,,572,TRUE,FALSE,INACTIVE,FALSE,FALSE,
404738,8/29/25,8/1/25,90475,West,E,,2600,1450,1500,1500,0.201974973,,,TRUE,FALSE,INACTIVE,FALSE,FALSE,
85051,8/29/25,8/1/25,49344,West,F,,2800,300,1500,1500,0.440313369,,532,FALSE,FALSE,DENIED,FALSE,FALSE,
509605,8/29/25,8/1/25,75062,NorthEast,D,,1600,2960,2960,2960,0.117380515,,569,TRUE,FALSE,INACTIVE,FALSE,FALSE,
170229,8/29/25,8/1/25,68385,SouthWest,F,,2500,300,1500,1500,0.384717703,,536,FALSE,FALSE,DENIED,FALSE,FALSE,
754904,8/30/25,8/1/25,90483,West,F,F,2500,300,1500,1500,0.444075882,0.510436714,563,TRUE,FALSE,DENIED,TRUE,FALSE,
153615,8/30/25,8/1/25,90483,West,B,A,3000,5000,5000,5000,0.028232709,0.026150769,597,TRUE,FALSE,COMPLETE,TRUE,TRUE,TRUE
935787,8/30/25,8/1/25,90485,West,B,A,2100,5000,5000,5000,0.042244062,0.034098096,609,TRUE,FALSE,COMPLETE,TRUE,TRUE,TRUE
790190,8/30/25,8/1/25,73708,NorthEast,F,,2500,300,1500,1500,0.543842673,,522,FALSE,FALSE,DENIED,FALSE,FALSE,
513110,8/30/25,8/1/25,90495,West,F,,2000,300,1500,1500,0.37209028,,538,FALSE,FALSE,DENIED,FALSE,FALSE,
148168,8/30/25,8/1/25,73708,NorthEast,E,B,2800,2630,2800,2800,0.133328512,0.135384902,584,TRUE,FALSE,COMPLETE,TRUE,TRUE,TRUE
46708,8/30/25,8/1/25,90483,West,D,,2500,3470,3470,3470,0.093218036,,587,TRUE,FALSE,INACTIVE,FALSE,FALSE,
50101,8/30/25,8/1/25,90492,West,C,,1000,3500,3500,3500,0.091838785,,605,TRUE,FALSE,INACTIVE,FALSE,FALSE,
788137,8/30/25,8/1/25,68385,SouthWest,A,A,2500,4150,4150,4150,0.069241524,0.039005943,618,TRUE,FALSE,COMPLETE,TRUE,TRUE,TRUE
758978,8/30/25,8/1/25,73708,NorthEast,F,,2500,300,1500,1500,0.561071217,,522,FALSE,FALSE,DENIED,FALSE,FALSE,
597786,8/30/25,8/1/25,63956,NorthEast,F,,3000,360,1500,1500,0.288607568,,514,FALSE,FALSE,DENIED,FALSE,FALSE,
508026,8/30/25,8/1/25,54008,SouthEast,F,,3800,300,1500,1500,0.34802416,,516,TRUE,TRUE,INACTIVE,FALSE,FALSE,
939837,8/30/25,8/1/25,37644,SouthEast,F,,1800,300,1500,1500,0.308009595,,582,TRUE,TRUE,INACTIVE,FALSE,FALSE,
163988,8/30/25,8/1/25,56437,SouthEast,F,,2500,300,1500,1500,0.493952781,,508,FALSE,FALSE,DENIED,FALSE,FALSE,
705588,8/31/25,8/1/25,49344,West,F,,2000,300,1500,1500,0.3057262,,590,TRUE,TRUE,PREQUALIFIED,FALSE,FALSE,
89366,8/31/25,8/1/25,90489,West,F,C,2300,1120,1500,1500,0.221267298,0.144048333,563,TRUE,FALSE,COMPLETE,TRUE,TRUE,TRUE
618840,8/31/25,8/1/25,87502,NorthEast,F,F,2300,500,1500,1500,0.274934411,0.340735376,,TRUE,FALSE,INACTIVE,TRUE,TRUE,FALSE
311539,8/31/25,8/1/25,77604,NorthEast,D,,1625,2280,2280,2280,0.153251454,,583,TRUE,FALSE,INACTIVE,FALSE,FALSE,
77242,8/31/25,8/1/25,90482,West,F,F,1900,300,1500,1500,0.327246845,0.384596288,533,TRUE,TRUE,DENIED,TRUE,FALSE,
828522,8/31/25,8/1/25,90475,West,C,,3000,5000,5000,5000,0.041926,,608,TRUE,FALSE,INACTIVE,FALSE,FALSE,
379237,8/31/25,8/1/25,85890,West,E,C,1599,1450,1600,1600,0.202185318,0.181959644,548,TRUE,FALSE,INACTIVE,TRUE,TRUE,FALSE
352694,8/31/25,8/1/25,75063,NorthEast,F,,1600,300,1500,1500,0.403229177,,535,TRUE,FALSE,INACTIVE,FALSE,FALSE,
739221,9/1/25,9/1/25,55721,SouthWest,F,D,2717.08,880,1500,1500,0.239143327,0.223922193,576,TRUE,TRUE,COMPLETE,TRUE,TRUE,TRUE
924527,9/1/25,9/1/25,90485,West,F,,1900,300,1500,1500,0.306532055,,529,TRUE,TRUE,INACTIVE,FALSE,FALSE,
651142,9/1/25,9/1/25,78467,NorthEast,F,E,1755,300,1500,1500,0.327380925,0.234435707,563,TRUE,TRUE,INACTIVE,TRUE,TRUE,FALSE
842316,9/1/25,9/1/25,78467,NorthEast,F,,1755,300,1500,1500,0.298748791,,563,TRUE,TRUE,INACTIVE,FALSE,FALSE,
301177,9/1/25,9/1/25,90492,West,D,,1000,1050,1500,1500,0.225496456,,565,TRUE,FALSE,COMPLETE,TRUE,TRUE,TRUE
477770,9/2/25,9/1/25,84832,SouthEast,F,,2300,300,1500,1500,0.546569526,,532,FALSE,FALSE,DENIED,FALSE,FALSE,
484279,9/2/25,9/1/25,68385,SouthWest,D,,1900,2140,2140,2140,0.161110759,,573,TRUE,FALSE,INACTIVE,FALSE,FALSE,
806970,9/2/25,9/1/25,68385,SouthWest,F,,1900,1190,1500,1500,0.217428103,,569,TRUE,TRUE,INACTIVE,FALSE,FALSE,
512898,9/2/25,9/1/25,55721,SouthWest,F,,5000,300,1500,1500,0.318106532,,578,FALSE,FALSE,DENIED,FALSE,FALSE,
700314,9/2/25,9/1/25,56437,SouthEast,F,,1980,300,1500,1500,0.297050357,,529,FALSE,FALSE,DENIED,FALSE,FALSE,
14942,9/2/25,9/1/25,90492,West,D,,2500,1590,1590,1590,0.193769574,,,TRUE,FALSE,INACTIVE,FALSE,FALSE,
530392,9/2/25,9/1/25,68385,SouthWest,C,A,3000,4550,4550,4550,0.057852093,0.046991244,578,TRUE,FALSE,INACTIVE,TRUE,TRUE,TRUE
709026,9/2/25,9/1/25,37644,SouthEast,E,B,700,1580,1580,1580,0.194414854,0.120928846,561,TRUE,TRUE,COMPLETE,TRUE,TRUE,TRUE
80207,9/2/25,9/1/25,55721,SouthWest,D,B,5000,2650,2650,2650,0.132664993,0.140981242,594,TRUE,FALSE,COMPLETE,TRUE,TRUE,TRUE
873503,9/3/25,9/1/25,55720,SouthWest,B,,3000,5000,5000,5000,0.02897157,,606,TRUE,FALSE,INACTIVE,FALSE,FALSE,
462351,9/3/25,9/1/25,55722,West,F,F,2500,1170,1500,1500,0.218415543,0.351771265,,TRUE,FALSE,DENIED,TRUE,FALSE,
416747,9/3/25,9/1/25,55721,SouthWest,D,C,3500,1700,1700,1700,0.18737781,0.18559432,549,TRUE,TRUE,INACTIVE,TRUE,TRUE,FALSE
684647,9/3/25,9/1/25,73708,NorthEast,F,,1756,2530,2530,2530,0.138268664,,579,TRUE,TRUE,INACTIVE,FALSE,FALSE,
297589,9/3/25,9/1/25,73414,West,E,,1500,3730,3730,3730,0.081029333,,596,TRUE,FALSE,INACTIVE,FALSE,FALSE,
688685,9/3/25,9/1/25,37641,MidWest,F,C,1800,700,1500,1500,0.256365985,0.148337483,555,TRUE,TRUE,COMPLETE,TRUE,TRUE,TRUE
221009,9/3/25,9/1/25,75062,NorthEast,C,,1600,5000,5000,5000,0.035579298,,611,TRUE,FALSE,INACTIVE,FALSE,FALSE,
94929,9/3/25,9/1/25,55720,SouthWest,B,,3000,5000,5000,5000,0.027319033,,606,TRUE,FALSE,INACTIVE,FALSE,FALSE,
940906,9/3/25,9/1/25,73708,NorthEast,E,B,2300,1050,1500,1500,0.22543487,0.140149266,565,TRUE,FALSE,COMPLETE,TRUE,TRUE,TRUE
915702,9/3/25,9/1/25,73708,NorthEast,F,,1756,2630,2630,2630,0.133374929,,579,TRUE,TRUE,INACTIVE,FALSE,FALSE,
871389,9/3/25,9/1/25,73414,West,F,,2500,300,1500,1500,0.368710995,,528,FALSE,FALSE,DENIED,FALSE,FALSE,
417597,9/4/25,9/1/25,78467,NorthEast,F,F,1600,300,1500,1500,0.337155044,0.321768582,567,TRUE,TRUE,INACTIVE,TRUE,TRUE,FALSE
412137,9/4/25,9/1/25,55722,West,F,,3000,300,1500,1500,0.604349375,,492,FALSE,FALSE,DENIED,FALSE,FALSE,
149651,9/5/25,9/1/25,49344,West,B,A,2100,4220,4220,4220,0.067077264,0.047195245,573,TRUE,FALSE,INACTIVE,TRUE,TRUE,FALSE
96281,9/5/25,9/1/25,79705,West,F,,2500,300,1500,1500,0.406187236,,541,FALSE,FALSE,DENIED,FALSE,FALSE,
410804,9/5/25,9/1/25,37641,MidWest,F,,2073,300,1500,1500,0.31237027,,530,TRUE,TRUE,INACTIVE,FALSE,FALSE,
969843,9/5/25,9/1/25,55721,SouthWest,D,,4500,2020,2020,2020,0.16860041,,521,TRUE,FALSE,INACTIVE,FALSE,FALSE,
992799,9/5/25,9/1/25,56437,SouthEast,B,,2000,4500,4500,4500,0.059272315,,595,TRUE,FALSE,INACTIVE,FALSE,FALSE,
405358,9/5/25,9/1/25,75983,NorthEast,C,,2100,5000,5000,5000,0.040749531,,591,TRUE,FALSE,INACTIVE,FALSE,FALSE,
275535,9/5/25,9/1/25,68385,SouthWest,F,,2200,770,1500,1500,0.249702737,,,TRUE,TRUE,INACTIVE,FALSE,FALSE,
839970,9/5/25,9/1/25,77604,NorthEast,C,,3500,4760,4760,4760,0.051744603,,606,TRUE,FALSE,INACTIVE,FALSE,FALSE,
334175,9/6/25,9/1/25,75062,NorthEast,F,F,2100,300,1500,1500,0.410247982,0.357625246,477,TRUE,FALSE,INACTIVE,TRUE,FALSE,
797483,9/6/25,9/1/25,73708,NorthEast,F,,2300,300,1500,1500,0.329066515,,,TRUE,TRUE,INACTIVE,FALSE,FALSE,
495383,9/6/25,9/1/25,84832,SouthEast,F,,1690,300,1500,1500,0.394081116,,,FALSE,FALSE,DENIED,FALSE,FALSE,
238399,9/6/25,9/1/25,84832,SouthEast,F,,2800,300,1500,1500,0.656550109,,512,FALSE,FALSE,DENIED,FALSE,FALSE,
534097,9/6/25,9/1/25,51515,MidWest,C,A,2500,3040,3040,3040,0.113761224,0.061542604,562,TRUE,FALSE,COMPLETE,TRUE,TRUE,TRUE
747901,9/6/25,9/1/25,54008,SouthEast,D,,2800,2130,2130,2130,0.161943272,,,TRUE,FALSE,INACTIVE,FALSE,FALSE,
279922,9/6/25,9/1/25,90482,West,C,,2366,4610,4610,4610,0.055980287,,597,TRUE,FALSE,INACTIVE,FALSE,FALSE,
621989,9/6/25,9/1/25,55721,SouthWest,F,,2200,490,1500,1500,0.275803953,,440,TRUE,FALSE,INACTIVE,FALSE,FALSE,
975514,9/6/25,9/1/25,84832,SouthEast,F,,1690,550,1500,1500,0.270107806,,,TRUE,TRUE,INACTIVE,FALSE,FALSE,
731533,9/6/25,9/1/25,37644,SouthEast,F,,2500,650,1500,1500,0.261146426,,550,TRUE,FALSE,INACTIVE,FALSE,FALSE,
433521,9/6/25,9/1/25,90483,West,B,,3000,4280,4280,4280,0.065402165,,544,TRUE,FALSE,INACTIVE,FALSE,FALSE,
574938,9/7/25,9/1/25,78469,SouthEast,E,,3500,370,1500,1500,0.287375331,,,TRUE,FALSE,INACTIVE,FALSE,FALSE,
37755,9/7/25,9/1/25,90495,West,D,B,3500,2990,2990,2990,0.116296314,0.115255341,592,TRUE,FALSE,COMPLETE,TRUE,TRUE,TRUE
127186,9/7/25,9/1/25,51279,West,B,,2500,5000,5000,5000,0.034054946,,627,TRUE,FALSE,INACTIVE,FALSE,FALSE,
581167,9/7/25,9/1/25,90489,West,E,,2500,1230,1500,1500,0.215264648,,442,TRUE,FALSE,INACTIVE,FALSE,FALSE,
25659,9/7/25,9/1/25,37644,SouthEast,F,,2500,1460,1500,1500,0.20148249,,565,TRUE,FALSE,INACTIVE,FALSE,FALSE,
442859,9/7/25,9/1/25,73414,West,E,D,1400,650,1500,1500,0.261314154,0.208609834,523,TRUE,TRUE,INACTIVE,TRUE,TRUE,TRUE
120389,9/7/25,9/1/25,90475,West,B,,2200,5000,5000,5000,0.034440722,,599,TRUE,FALSE,INACTIVE,FALSE,FALSE,
477904,9/7/25,9/1/25,90475,West,B,,3500,5000,5000,5000,0.036980256,,595,TRUE,FALSE,INACTIVE,FALSE,FALSE,
649592,9/7/25,9/1/25,78467,NorthEast,B,,1600,5000,5000,5000,0.041134011,,599,TRUE,FALSE,INACTIVE,FALSE,FALSE,
343098,9/7/25,9/1/25,73231,West,F,,2000,1650,1650,1650,0.190028086,,,TRUE,FALSE,INACTIVE,FALSE,FALSE,
33868,9/7/25,9/1/25,95737,NorthEast,B,,1750,5000,5000,5000,0.037264314,,605,TRUE,FALSE,INACTIVE,FALSE,FALSE,
218517,9/7/25,9/1/25,87502,NorthEast,F,F,1800,300,1500,1500,0.294247001,0.331241757,563,TRUE,FALSE,COMPLETE,TRUE,TRUE,TRUE
209332,9/8/25,9/1/25,90492,West,F,C,3000,560,1500,1500,0.269773483,0.178018853,567,TRUE,TRUE,COMPLETE,TRUE,TRUE,TRUE
653564,9/8/25,9/1/25,68385,SouthWest,A,A,3000,5000,5000,5000,0.026819354,0.030386308,627,TRUE,FALSE,INACTIVE,TRUE,TRUE,FALSE
331018,9/8/25,9/1/25,37643,SouthEast,C,,2429.9,4970,4970,4970,0.045988429,,604,TRUE,FALSE,INACTIVE,FALSE,FALSE,
75863,9/8/25,9/1/25,84832,SouthEast,D,,1700,2920,2920,2920,0.11955028,,590,TRUE,FALSE,INACTIVE,FALSE,FALSE,
511400,9/8/25,9/1/25,78470,SouthEast,E,,1712.01,1520,1520,1520,0.198147461,,561,TRUE,FALSE,INACTIVE,FALSE,FALSE,
384159,9/8/25,9/1/25,90493,West,F,,2400,300,1500,1500,0.299054891,,562,TRUE,TRUE,INACTIVE,FALSE,FALSE,
651032,9/8/25,9/1/25,78469,SouthEast,F,,2300,300,1500,1500,0.569614708,,510,FALSE,FALSE,DENIED,FALSE,FALSE,
835567,9/8/25,9/1/25,90487,West,E,,2500,1740,1740,1740,0.18517594,,,TRUE,FALSE,INACTIVE,FALSE,FALSE,
441859,9/9/25,9/1/25,56437,SouthEast,B,,2500,5000,5000,5000,0.026334401,,591,TRUE,FALSE,INACTIVE,FALSE,FALSE,
154564,9/9/25,9/1/25,75063,NorthEast,C,,1600,4430,4430,4430,0.061250851,,607,TRUE,FALSE,INACTIVE,FALSE,FALSE,
772781,9/9/25,9/1/25,55721,SouthWest,F,,568,300,1500,1500,0.318623036,,500,FALSE,FALSE,DENIED,FALSE,FALSE,
7065,9/9/25,9/1/25,84832,SouthEast,F,,2300,300,1500,1500,0.468303651,,551,FALSE,FALSE,DENIED,FALSE,FALSE,
162269,9/9/25,9/1/25,37643,SouthEast,F,,2429.9,300,1500,1500,0.579620481,,547,FALSE,FALSE,DENIED,FALSE,FALSE,
398442,9/9/25,9/1/25,37644,SouthEast,D,A,1800,3480,3480,3480,0.092340574,0.066116475,586,TRUE,TRUE,COMPLETE,TRUE,TRUE,TRUE
615888,9/9/25,9/1/25,56437,SouthEast,D,,1900,2030,2030,2030,0.167875782,,,TRUE,FALSE,INACTIVE,FALSE,FALSE,
254849,9/10/25,9/1/25,73708,NorthEast,E,B,1742,2820,2820,2820,0.124134608,0.090928309,590,TRUE,FALSE,INACTIVE,TRUE,TRUE,FALSE
34411,9/10/25,9/1/25,90495,West,F,,2000,570,1500,1500,0.268302739,,572,FALSE,FALSE,DENIED,FALSE,FALSE,
221542,9/10/25,9/1/25,68385,SouthWest,D,,1700,2780,2780,2780,0.126217097,,546,TRUE,FALSE,INACTIVE,FALSE,FALSE,
202468,9/11/25,9/1/25,90489,West,D,A,2500,4300,4300,4300,0.065042228,0.045854378,585,TRUE,FALSE,COMPLETE,TRUE,TRUE,TRUE
998205,9/11/25,9/1/25,90475,West,F,,2600,1110,1500,1500,0.222238049,,575,FALSE,FALSE,DENIED,FALSE,FALSE,
707056,9/11/25,9/1/25,77604,NorthEast,F,F,2500,550,1500,1500,0.270822436,0.285512418,,TRUE,FALSE,COMPLETE,TRUE,TRUE,TRUE
489748,9/11/25,9/1/25,84832,SouthEast,F,,2700,770,1500,1500,0.249866202,,594,TRUE,FALSE,INACTIVE,FALSE,FALSE,
573963,9/11/25,9/1/25,37644,SouthEast,E,C,2300,1730,1730,1730,0.185429618,0.169534534,540,TRUE,FALSE,COMPLETE,TRUE,TRUE,TRUE
32321,9/11/25,9/1/25,87502,NorthEast,F,,1800,300,1500,1500,0.486301035,,551,FALSE,FALSE,DENIED,FALSE,FALSE,
893718,9/11/25,9/1/25,75063,NorthEast,D,C,1600,1540,1600,1600,0.196680382,0.167492643,,TRUE,FALSE,INACTIVE,TRUE,TRUE,FALSE
458330,9/11/25,9/1/25,90482,West,F,,2801.5,300,1500,1500,0.363634259,,553,FALSE,FALSE,DENIED,FALSE,FALSE,
999546,9/11/25,9/1/25,75063,NorthEast,B,A,1650,3490,3490,3490,0.092102662,0.067312405,589,TRUE,FALSE,COMPLETE,TRUE,TRUE,TRUE
489811,9/11/25,9/1/25,90487,West,B,,3000,5000,5000,5000,0.035173692,,566,TRUE,FALSE,INACTIVE,FALSE,FALSE,
700533,9/12/25,9/1/25,49168,West,D,,1950,1550,1550,1550,0.196211547,,,TRUE,TRUE,INACTIVE,FALSE,FALSE,
630364,9/12/25,9/1/25,68385,SouthWest,F,,1000,300,1500,1500,0.305038214,,597,TRUE,FALSE,INACTIVE,FALSE,FALSE,
462794,9/12/25,9/1/25,75063,NorthEast,C,,1600,3410,3410,3410,0.095945686,,589,TRUE,FALSE,INACTIVE,TRUE,TRUE,FALSE
872881,9/12/25,9/1/25,51515,MidWest,C,,1700,3450,3450,3450,0.093848683,,542,TRUE,FALSE,INACTIVE,FALSE,FALSE,
515460,9/12/25,9/1/25,77604,NorthEast,C,,2100,4830,4830,4830,0.049810007,,591,TRUE,FALSE,INACTIVE,FALSE,FALSE,
476956,9/12/25,9/1/25,90492,West,D,,4000,4050,4050,4050,0.071967952,,601,TRUE,FALSE,INACTIVE,FALSE,FALSE,
657917,9/12/25,9/1/25,54008,SouthEast,F,,2800,300,1500,1500,0.433100879,,513,FALSE,FALSE,DENIED,FALSE,FALSE,
853933,9/13/25,9/1/25,90493,West,C,A,2500,3830,3830,3830,0.078385182,0.076386318,558,TRUE,FALSE,COMPLETE,TRUE,TRUE,TRUE
975529,9/13/25,9/1/25,75063,NorthEast,B,,2100,5000,5000,5000,0.031518754,,611,TRUE,FALSE,INACTIVE,FALSE,FALSE,
997410,9/13/25,9/1/25,75983,NorthEast,F,C,2305,1970,1970,1970,0.171430111,0.180367678,595,TRUE,FALSE,COMPLETE,TRUE,TRUE,TRUE
266533,9/13/25,9/1/25,90482,West,C,,2500,4340,4340,4340,0.063757986,,622,TRUE,FALSE,INACTIVE,FALSE,FALSE,
733107,9/13/25,9/1/25,54008,SouthEast,D,B,2000,1750,1750,1750,0.184292197,0.126189142,,TRUE,TRUE,COMPLETE,TRUE,TRUE,TRUE
26459,9/13/25,9/1/25,90493,West,B,,3000,5000,5000,5000,0.026185811,,598,TRUE,FALSE,INACTIVE,FALSE,FALSE,
20923,9/13/25,9/1/25,87502,NorthEast,F,F,1800,590,1500,1500,0.266913354,0.267534494,552,TRUE,FALSE,COMPLETE,TRUE,TRUE,TRUE
725146,9/13/25,9/1/25,55722,West,D,F,3500,1720,1720,1720,0.186249092,0.308970571,,TRUE,FALSE,DENIED,TRUE,FALSE,
94318,9/13/25,9/1/25,55721,SouthWest,C,B,3500,2900,2900,2900,0.120413892,0.137709931,613,TRUE,FALSE,COMPLETE,TRUE,TRUE,TRUE
2459,9/13/25,9/1/25,75062,NorthEast,F,,2100,300,1500,1500,0.315338135,,557,TRUE,TRUE,INACTIVE,FALSE,FALSE,
440107,9/13/25,9/1/25,90487,West,C,,3500,3310,3500,3500,0.100858159,,680,TRUE,FALSE,INACTIVE,FALSE,FALSE,
575030,9/13/25,9/1/25,90495,West,F,,2500,300,1500,1500,0.542514205,,535,FALSE,FALSE,DENIED,FALSE,FALSE,
1428,9/14/25,9/1/25,90485,West,E,,1925,1300,1500,1500,0.210925877,,,TRUE,FALSE,INACTIVE,FALSE,FALSE,
325991,9/14/25,9/1/25,90496,West,F,,2500,370,1500,1500,0.287726879,,527,TRUE,FALSE,INACTIVE,FALSE,FALSE,
416622,9/14/25,9/1/25,73231,West,B,,2000,4080,4080,4080,0.071100838,,629,TRUE,FALSE,INACTIVE,FALSE,FALSE,
742223,9/14/25,9/1/25,75063,NorthEast,B,,1600,4720,4720,4720,0.052925557,,592,TRUE,FALSE,INACTIVE,FALSE,FALSE,
738797,9/15/25,9/1/25,75063,NorthEast,E,,1600,1100,1600,1600,0.22289221,,531,TRUE,FALSE,INACTIVE,FALSE,FALSE,
974534,9/15/25,9/1/25,37648,SouthWest,E,C,2500,2260,2260,2260,0.154034838,0.16079703,494,TRUE,TRUE,COMPLETE,TRUE,TRUE,TRUE
740429,9/15/25,9/1/25,56437,SouthEast,D,,1760,1290,1500,1500,0.211429983,,,TRUE,FALSE,INACTIVE,FALSE,FALSE,
321018,9/15/25,9/1/25,68385,SouthWest,F,F,1800,1160,1500,1500,0.219036356,0.284593135,547,TRUE,TRUE,COMPLETE,TRUE,TRUE,TRUE
322609,9/15/25,9/1/25,51279,West,C,,1400,4610,4610,4610,0.056181666,,571,TRUE,FALSE,INACTIVE,FALSE,FALSE,
371146,9/15/25,9/1/25,63956,NorthEast,E,,1800,1380,1500,1500,0.205895156,,537,TRUE,FALSE,INACTIVE,FALSE,FALSE,
674341,9/16/25,9/1/25,63956,NorthEast,B,,1750,4660,4660,4660,0.054794542,,609,TRUE,FALSE,INACTIVE,FALSE,FALSE,
272399,9/16/25,9/1/25,55721,SouthWest,E,C,4500,1020,1500,1500,0.227432191,0.180474281,518,TRUE,FALSE,COMPLETE,TRUE,TRUE,TRUE
450459,9/16/25,9/1/25,78467,NorthEast,F,F,1600,300,1600,1600,0.318625301,0.34764576,537,TRUE,TRUE,COMPLETE,TRUE,TRUE,TRUE
478709,9/16/25,9/1/25,37648,SouthWest,B,,2500,5000,5000,5000,0.045078132,,574,TRUE,FALSE,INACTIVE,FALSE,FALSE,
171285,9/16/25,9/1/25,90492,West,F,F,5000,740,1500,1500,0.252714068,0.269579649,552,TRUE,FALSE,COMPLETE,TRUE,TRUE,TRUE
958552,9/16/25,9/1/25,78467,NorthEast,F,D,1600,900,1600,1600,0.23729828,0.200861588,570,TRUE,TRUE,COMPLETE,TRUE,TRUE,TRUE
232964,9/17/25,9/1/25,75063,NorthEast,B,,2100,4660,4660,4660,0.054719012,,590,TRUE,FALSE,INACTIVE,FALSE,FALSE,
432456,9/17/25,9/1/25,75983,NorthEast,D,C,2100,890,1500,1500,0.23814933,0.170956925,587,TRUE,FALSE,COMPLETE,TRUE,TRUE,TRUE
702521,9/17/25,9/1/25,54008,SouthEast,B,,1900,3680,3680,3680,0.08274398,,575,TRUE,FALSE,INACTIVE,FALSE,FALSE,
444818,9/17/25,9/1/25,75062,NorthEast,E,,1600,1210,1600,1600,0.216335595,,546,TRUE,FALSE,INACTIVE,FALSE,FALSE,
199175,9/17/25,9/1/25,75063,NorthEast,B,,1600,4720,4720,4720,0.052999444,,591,TRUE,FALSE,INACTIVE,FALSE,FALSE,
255139,9/17/25,9/1/25,78467,NorthEast,F,D,2100,300,1500,1500,0.357370138,0.195985183,550,TRUE,TRUE,COMPLETE,TRUE,TRUE,TRUE
157800,9/17/25,9/1/25,75063,NorthEast,B,,2200,4280,4280,4280,0.065414049,,609,TRUE,FALSE,INACTIVE,FALSE,FALSE,
828018,9/17/25,9/1/25,56437,SouthEast,F,,2199.99,760,1500,1500,0.25068599,,556,TRUE,FALSE,INACTIVE,FALSE,FALSE,
628766,9/17/25,9/1/25,72819,NorthEast,F,,1800,300,1500,1500,0.486691058,,557,FALSE,FALSE,DENIED,FALSE,FALSE,
452561,9/17/25,9/1/25,73414,West,F,,2500,300,1500,1500,0.320597768,,452,TRUE,TRUE,INACTIVE,FALSE,FALSE,
659772,9/18/25,9/1/25,90496,West,F,,2600,300,1500,1500,0.482812911,,527,TRUE,FALSE,INACTIVE,FALSE,FALSE,
519413,9/18/25,9/1/25,84832,SouthEast,F,E,2300,300,1500,1500,0.409876376,0.253164679,496,TRUE,FALSE,COMPLETE,TRUE,TRUE,TRUE
980337,9/18/25,9/1/25,54008,SouthEast,E,,2000,1220,1500,1500,0.215642676,,550,TRUE,FALSE,INACTIVE,FALSE,FALSE,
565628,9/19/25,9/1/25,79705,West,E,,1800,670,1500,1500,0.258859098,,446,TRUE,FALSE,INACTIVE,FALSE,FALSE,
557949,9/19/25,9/1/25,73414,West,A,,2500,5000,5000,5000,0.038996156,,617,TRUE,FALSE,INACTIVE,FALSE,FALSE,
831250,9/19/25,9/1/25,68385,SouthWest,F,,2750,300,1500,1500,0.620443821,,511,FALSE,FALSE,DENIED,FALSE,FALSE,
335148,9/19/25,9/1/25,84832,SouthEast,F,,5000,300,1500,1500,0.461891145,,529,FALSE,FALSE,DENIED,FALSE,FALSE,
908742,9/19/25,9/1/25,85890,West,C,C,1683,2070,2070,2070,0.165217564,0.161562935,554,TRUE,FALSE,COMPLETE,TRUE,TRUE,TRUE
359493,9/19/25,9/1/25,68385,SouthWest,F,,2750,300,1500,1500,0.600891948,,511,FALSE,FALSE,DENIED,FALSE,FALSE,
318536,9/19/25,9/1/25,49344,West,B,A,4200,4190,4200,4200,0.067975484,0.068833292,585,TRUE,FALSE,COMPLETE,TRUE,TRUE,TRUE
155294,9/19/25,9/1/25,68385,SouthWest,F,,2750,300,1500,1500,0.632179379,,511,FALSE,FALSE,DENIED,FALSE,FALSE,
879552,9/19/25,9/1/25,54008,SouthEast,F,,2000,300,1500,1500,0.417474985,,519,TRUE,FALSE,INACTIVE,FALSE,FALSE,
125559,9/19/25,9/1/25,84832,SouthEast,D,,1700,1550,1700,1700,0.196106851,,488,TRUE,FALSE,INACTIVE,FALSE,FALSE,
314766,9/20/25,9/1/25,55721,SouthWest,F,,3500,300,1500,1500,0.443286121,,491,FALSE,FALSE,DENIED,FALSE,FALSE,
199956,9/20/25,9/1/25,56437,SouthEast,D,,2500,1700,1700,1700,0.187472448,,488,TRUE,FALSE,INACTIVE,FALSE,FALSE,
1012,9/20/25,9/1/25,90495,West,F,,2400,350,1500,1500,0.28939116,,535,TRUE,FALSE,INACTIVE,FALSE,FALSE,
984139,9/20/25,9/1/25,73708,NorthEast,F,,2300,410,1500,1500,0.283825725,,,TRUE,FALSE,INACTIVE,FALSE,FALSE,
343035,9/20/25,9/1/25,79705,West,D,,2500,1730,1730,1730,0.185704499,,,TRUE,FALSE,INACTIVE,FALSE,FALSE,
850087,9/20/25,9/1/25,98395,NorthEast,B,,2500,5000,5000,5000,0.038622577,,600,TRUE,FALSE,INACTIVE,FALSE,FALSE,
647486,9/20/25,9/1/25,75061,NorthEast,C,B,2248,2660,2660,2660,0.131959394,0.135926604,543,TRUE,FALSE,INACTIVE,TRUE,TRUE,FALSE
593436,9/20/25,9/1/25,79705,West,F,,2500,710,1500,1500,0.254779518,,,TRUE,FALSE,INACTIVE,FALSE,FALSE,
771451,9/20/25,9/1/25,55722,West,B,B,2000,3110,3110,3110,0.110182948,0.09583912,569,TRUE,FALSE,COMPLETE,TRUE,TRUE,TRUE
965600,9/20/25,9/1/25,84832,SouthEast,F,,2800,300,1500,1500,0.498519182,,512,FALSE,FALSE,DENIED,FALSE,FALSE,
282054,9/20/25,9/1/25,71513,West,A,,1800,4950,4950,4950,0.046386354,,576,TRUE,FALSE,INACTIVE,FALSE,FALSE,
883576,9/21/25,9/1/25,95737,NorthEast,D,,1750,2580,2580,2580,0.135572642,,517,TRUE,FALSE,INACTIVE,FALSE,FALSE,
469768,9/21/25,9/1/25,78469,SouthEast,B,,2100,4870,4870,4870,0.048831455,,599,TRUE,FALSE,INACTIVE,FALSE,FALSE,
168545,9/21/25,9/1/25,90482,West,F,,2360,1550,1550,1550,0.196187735,,,TRUE,FALSE,INACTIVE,FALSE,FALSE,
41284,9/21/25,9/1/25,56437,SouthEast,B,,2500,5000,5000,5000,0.041196447,,590,TRUE,FALSE,INACTIVE,FALSE,FALSE,
847605,9/21/25,9/1/25,63956,NorthEast,F,,1800,300,1500,1500,0.315120131,,538,FALSE,FALSE,DENIED,FALSE,FALSE,
769253,9/21/25,9/1/25,75061,NorthEast,D,,5854.4,1810,1810,1810,0.180540994,,575,TRUE,FALSE,INACTIVE,FALSE,FALSE,
60503,9/21/25,9/1/25,75061,NorthEast,D,,5854.4,1550,1550,1550,0.196136132,,575,TRUE,FALSE,INACTIVE,FALSE,FALSE,
675854,9/22/25,9/1/25,68385,SouthWest,C,A,1500,3730,3730,3730,0.081274912,0.072992153,576,TRUE,FALSE,COMPLETE,TRUE,TRUE,TRUE
655835,9/22/25,9/1/25,55720,SouthWest,D,D,1900,700,1500,1500,0.255991101,0.230343834,591,TRUE,FALSE,INACTIVE,TRUE,TRUE,FALSE
965016,9/22/25,9/1/25,84832,SouthEast,D,,2700,1350,1500,1500,0.207976058,,594,TRUE,FALSE,INACTIVE,FALSE,FALSE,
568924,9/22/25,9/1/25,79276,SouthEast,F,,2500,300,1500,1500,0.399303406,,531,FALSE,FALSE,DENIED,FALSE,FALSE,
446831,9/22/25,9/1/25,90489,West,C,,2100,3100,3100,3100,0.111001715,,584,TRUE,FALSE,INACTIVE,FALSE,FALSE,
459133,9/22/25,9/1/25,71513,West,D,B,1800,2540,2540,2540,0.137947828,0.095241643,581,TRUE,FALSE,INACTIVE,TRUE,TRUE,FALSE
641844,9/23/25,9/1/25,84832,SouthEast,A,,2000,5000,5000,5000,0.036781982,,597,TRUE,FALSE,INACTIVE,FALSE,FALSE,
168698,9/23/25,9/1/25,73414,West,C,,2200,3450,3450,3450,0.093858488,,584,TRUE,FALSE,INACTIVE,FALSE,FALSE,
773760,9/24/25,9/1/25,90493,West,F,,2600,760,1500,1500,0.250148892,,502,TRUE,FALSE,INACTIVE,FALSE,FALSE,
130709,9/24/25,9/1/25,79705,West,F,,2000,490,1500,1500,0.276275277,,577,TRUE,FALSE,INACTIVE,FALSE,FALSE,
476294,9/24/25,9/1/25,65790,West,E,E,2000,1470,1500,1500,0.200908422,0.261445969,,TRUE,FALSE,COMPLETE,TRUE,TRUE,TRUE
23758,9/24/25,9/1/25,63956,NorthEast,C,C,1725,3240,3240,3240,0.104326598,0.146444738,626,TRUE,FALSE,COMPLETE,TRUE,TRUE,TRUE
416684,9/24/25,9/1/25,79705,West,C,A,3000,2810,3000,3000,0.124831893,0.077497654,586,TRUE,FALSE,COMPLETE,TRUE,TRUE,TRUE
775308,9/24/25,9/1/25,56437,SouthEast,F,,2100,300,1500,1500,0.304313213,,536,TRUE,FALSE,INACTIVE,FALSE,FALSE,
475498,9/24/25,9/1/25,75063,NorthEast,B,,2800,3420,3420,3420,0.095388278,,564,TRUE,FALSE,INACTIVE,FALSE,FALSE,
83282,9/25/25,9/1/25,78467,NorthEast,B,,1600,4700,4700,4700,0.053648692,,618,TRUE,FALSE,INACTIVE,FALSE,FALSE,
983926,9/25/25,9/1/25,90495,West,B,A,2750,3560,3560,3560,0.08867047,0.052719157,573,TRUE,FALSE,COMPLETE,TRUE,TRUE,TRUE
756351,9/26/25,9/1/25,73231,West,E,,1800,1310,1500,1500,0.210560873,,,TRUE,FALSE,INACTIVE,FALSE,FALSE,
469838,9/26/25,9/1/25,37643,SouthEast,B,A,2429.3,2540,2540,2540,0.137518793,0.071957558,564,TRUE,FALSE,COMPLETE,TRUE,TRUE,TRUE
644430,9/26/25,9/1/25,37643,SouthEast,F,,2199,300,1500,1500,0.479904324,,537,FALSE,FALSE,DENIED,FALSE,FALSE,
829214,9/26/25,9/1/25,51279,West,F,,2000,760,1500,1500,0.250219494,,,TRUE,FALSE,INACTIVE,FALSE,FALSE,
198638,9/26/25,9/1/25,90492,West,A,,2000,5000,5000,5000,0.032847982,,600,TRUE,FALSE,INACTIVE,FALSE,FALSE,
985716,9/26/25,9/1/25,75061,NorthEast,C,D,2250,2630,2630,2630,0.133287624,0.225247025,564,TRUE,FALSE,DENIED,TRUE,FALSE,
198651,9/26/25,9/1/25,55721,SouthWest,E,,3500,1170,1500,1500,0.218321815,,,TRUE,FALSE,INACTIVE,FALSE,FALSE,
755437,9/27/25,9/1/25,71513,West,F,E,2500,300,1500,1500,0.298510969,0.245931461,532,TRUE,FALSE,COMPLETE,TRUE,TRUE,TRUE
36799,9/27/25,9/1/25,37643,SouthEast,B,,2572,4020,4020,4020,0.072922818,,607,TRUE,FALSE,INACTIVE,FALSE,FALSE,
397359,9/27/25,9/1/25,37643,SouthEast,A,,2213,5000,5000,5000,0.031933434,,607,TRUE,FALSE,INACTIVE,FALSE,FALSE,
390923,9/27/25,9/1/25,65790,West,C,,1600,2720,2720,2720,0.129218608,,532,TRUE,FALSE,INACTIVE,FALSE,FALSE,
724720,9/27/25,9/1/25,75063,NorthEast,D,,2100,1980,2100,2100,0.170880511,,,TRUE,FALSE,INACTIVE,FALSE,FALSE,
170697,9/27/25,9/1/25,90485,West,F,,2500,300,1500,1500,0.438061833,,478,FALSE,FALSE,DENIED,FALSE,FALSE,
824238,9/27/25,9/1/25,37644,SouthEast,D,,3000,1950,1950,1950,0.1722368,,,TRUE,FALSE,INACTIVE,FALSE,FALSE,
298089,9/27/25,9/1/25,73414,West,B,,1300,2240,2240,2240,0.155218914,,568,TRUE,FALSE,INACTIVE,FALSE,FALSE,
698521,9/27/25,9/1/25,90483,West,B,,600,4290,4290,4290,0.065204933,,573,TRUE,FALSE,INACTIVE,FALSE,FALSE,
829320,9/27/25,9/1/25,90475,West,F,,2600,1070,1500,1500,0.224470064,,,TRUE,FALSE,INACTIVE,FALSE,FALSE,
140778,9/28/25,9/1/25,90489,West,B,B,2100,2740,2740,2740,0.128328994,0.085344702,539,TRUE,FALSE,COMPLETE,TRUE,TRUE,TRUE
588444,9/28/25,9/1/25,55721,SouthWest,B,A,5000,4290,4290,4290,0.065317422,0.071210608,633,TRUE,FALSE,COMPLETE,TRUE,TRUE,TRUE
692967,9/28/25,9/1/25,51279,West,F,,1500,300,1500,1500,0.502190173,,523,FALSE,FALSE,DENIED,FALSE,FALSE,
357651,9/28/25,9/1/25,65790,West,F,,1700,300,1500,1500,0.345587671,,,TRUE,FALSE,INACTIVE,FALSE,FALSE,
580972,9/28/25,9/1/25,90495,West,F,,2000,1960,2000,2000,0.171908975,,567,TRUE,FALSE,INACTIVE,FALSE,FALSE,
114895,9/28/25,9/1/25,55721,SouthWest,F,,2728,300,1500,1500,0.303771794,,546,TRUE,FALSE,INACTIVE,FALSE,FALSE,
173616,9/28/25,9/1/25,90493,West,A,A,2400,5000,5000,5000,0.03404434,0.047950972,581,TRUE,FALSE,COMPLETE,TRUE,TRUE,TRUE
125668,9/28/25,9/1/25,55721,SouthWest,F,,2700,300,1500,1500,0.322980076,,605,TRUE,TRUE,INACTIVE,FALSE,FALSE,
952930,9/28/25,9/1/25,90495,West,F,,2000,960,1500,1500,0.231220603,,548,TRUE,FALSE,INACTIVE,FALSE,FALSE,
121399,9/28/25,9/1/25,90485,West,B,,1900,4870,4870,4870,0.048629444,,606,TRUE,FALSE,INACTIVE,FALSE,FALSE,
511346,9/28/25,9/1/25,75062,NorthEast,E,,2100,1240,1500,1500,0.214448631,,559,TRUE,FALSE,INACTIVE,FALSE,FALSE,
318856,9/28/25,9/1/25,90495,West,E,C,2000,1700,1700,1700,0.186962411,0.173379064,544,TRUE,FALSE,INACTIVE,TRUE,TRUE,FALSE
368166,9/29/25,9/1/25,84832,SouthEast,F,,1700,940,1500,1500,0.233080789,,,TRUE,FALSE,INACTIVE,FALSE,FALSE,
310359,9/29/25,9/1/25,78469,SouthEast,F,F,1712,660,1500,1500,0.260095328,0.436869979,,TRUE,FALSE,DENIED,TRUE,FALSE,
870690,9/29/25,9/1/25,90496,West,B,,3000,4490,4490,4490,0.059503004,,571,TRUE,FALSE,INACTIVE,FALSE,FALSE,
28444,9/29/25,9/1/25,84832,SouthEast,D,D,2000,1590,1590,1590,0.193787888,0.228062272,519,TRUE,FALSE,COMPLETE,TRUE,TRUE,TRUE
733872,9/29/25,9/1/25,90496,West,F,,2750,300,1500,1500,0.371016532,,597,TRUE,FALSE,INACTIVE,FALSE,FALSE,
143700,9/29/25,9/1/25,77604,NorthEast,F,D,2500,360,1500,1500,0.288257957,0.196140155,540,TRUE,FALSE,COMPLETE,TRUE,TRUE,TRUE
815005,9/29/25,9/1/25,78469,SouthEast,F,,1712,300,1500,1500,0.303541422,,488,TRUE,TRUE,INACTIVE,FALSE,FALSE,
654235,9/29/25,9/1/25,73231,West,D,,1700,870,1500,1500,0.240349248,,628,TRUE,FALSE,INACTIVE,FALSE,FALSE,
491703,9/29/25,9/1/25,55720,SouthWest,E,F,1900,300,1500,1500,0.314624935,0.267481387,607,TRUE,FALSE,COMPLETE,TRUE,TRUE,TRUE
166176,9/30/25,9/1/25,71513,West,C,,2400,1850,1850,1850,0.178135574,,528,TRUE,FALSE,INACTIVE,FALSE,FALSE,
94225,9/30/25,9/1/25,51515,MidWest,D,B,1800,1680,1800,1800,0.188668981,0.096762173,542,TRUE,TRUE,COMPLETE,TRUE,TRUE,TRUE
181383,9/30/25,9/1/25,95737,NorthEast,F,,1800,1270,1500,1500,0.212727547,,573,TRUE,FALSE,INACTIVE,FALSE,FALSE,
35368,9/30/25,9/1/25,39553,West,C,,1800,1910,1910,1910,0.174762428,,524,TRUE,FALSE,INACTIVE,FALSE,FALSE,
724407,9/30/25,9/1/25,90495,West,D,,750,2590,2590,2590,0.135381058,,547,TRUE,FALSE,INACTIVE,FALSE,FALSE,
973783,9/30/25,9/1/25,55722,West,E,,1900,710,1500,1500,0.255039454,,571,TRUE,FALSE,INACTIVE,FALSE,FALSE,
410717,9/30/25,9/1/25,71513,West,D,,2400,1180,1500,1500,0.217760339,,528,TRUE,FALSE,INACTIVE,FALSE,FALSE,
466204,9/30/25,9/1/25,55722,West,C,B,3500,1790,1790,1790,0.181857467,0.13135089,553,TRUE,FALSE,COMPLETE,TRUE,TRUE,TRUE
933384,9/30/25,9/1/25,55721,SouthWest,F,,2000,300,1500,1500,0.404438883,,549,FALSE,FALSE,DENIED,FALSE,FALSE,
906243,10/1/25,10/1/25,68385,SouthWest,F,,3000,300,1500,1500,0.410024136,,537,FALSE,FALSE,DENIED,FALSE,FALSE,
720245,10/1/25,10/1/25,90477,West,F,,2500,300,1500,1500,0.363850266,,555,FALSE,FALSE,DENIED,FALSE,FALSE,
524121,10/1/25,10/1/25,90495,West,D,B,2400,1940,1940,1940,0.173137069,0.123565063,565,TRUE,FALSE,COMPLETE,TRUE,TRUE,TRUE
478180,10/1/25,10/1/25,68385,SouthWest,F,C,3000,840,1500,1500,0.242987931,0.171818241,559,TRUE,FALSE,COMPLETE,TRUE,TRUE,TRUE
433794,10/1/25,10/1/25,39553,West,F,F,1800,300,1500,1500,0.327735007,0.423697978,535,TRUE,TRUE,COMPLETE,TRUE,TRUE,TRUE
781105,10/1/25,10/1/25,78467,NorthEast,E,C,2082,1490,1500,1500,0.199517936,0.162571669,,TRUE,FALSE,INACTIVE,TRUE,TRUE,FALSE
173423,10/1/25,10/1/25,78469,SouthEast,C,,1712,1940,1940,1940,0.173248038,,575,TRUE,FALSE,INACTIVE,FALSE,FALSE,
795907,10/2/25,10/1/25,37644,SouthEast,A,A,1900,3910,3910,3910,0.076143928,0.032565415,612,TRUE,FALSE,COMPLETE,TRUE,TRUE,TRUE
125489,10/2/25,10/1/25,90495,West,F,F,1000,300,1500,1500,0.328978717,0.293148011,524,TRUE,TRUE,COMPLETE,TRUE,TRUE,TRUE
532565,10/2/25,10/1/25,98395,NorthEast,F,,2500,300,300,300,0.404925019,,551,FALSE,FALSE,DENIED,FALSE,FALSE,
454502,10/2/25,10/1/25,68385,SouthWest,F,E,1850,300,1500,1500,0.314020783,0.23457408,532,TRUE,TRUE,COMPLETE,TRUE,TRUE,TRUE
142292,10/2/25,10/1/25,73414,West,B,,550,3170,3170,3170,0.107322797,,539,TRUE,FALSE,INACTIVE,FALSE,FALSE,
446925,10/2/25,10/1/25,84832,SouthEast,F,,700,630,1500,1500,0.262734592,,,TRUE,FALSE,INACTIVE,FALSE,FALSE,
728633,10/3/25,10/1/25,55720,SouthWest,F,,3000,300,1500,1500,0.326452315,,554,TRUE,TRUE,INACTIVE,FALSE,FALSE,
170294,10/3/25,10/1/25,68385,SouthWest,B,,2300,3850,3850,3850,0.077814341,,584,TRUE,FALSE,INACTIVE,FALSE,FALSE,
350095,10/3/25,10/1/25,78467,NorthEast,F,F,2086,380,1500,1500,0.286575854,0.382079571,,TRUE,FALSE,COMPLETE,TRUE,TRUE,TRUE
540047,10/3/25,10/1/25,72819,NorthEast,B,,2000,3250,3250,3250,0.103780515,,573,TRUE,FALSE,INACTIVE,FALSE,FALSE,
164964,10/3/25,10/1/25,37644,SouthEast,A,A,1100,4650,4650,4650,0.05506327,0.023953266,575,TRUE,FALSE,INACTIVE,TRUE,TRUE,TRUE
189316,10/3/25,10/1/25,55722,West,F,,2500,300,1500,1500,0.559740841,,496,FALSE,FALSE,DENIED,FALSE,FALSE,
990424,10/3/25,10/1/25,68385,SouthWest,C,B,2500,2220,2220,2220,0.156685367,0.112808704,604,TRUE,FALSE,COMPLETE,TRUE,TRUE,TRUE
799038,10/3/25,10/1/25,78467,NorthEast,F,F,2110,300,1500,1500,0.456321001,0.342936248,543,TRUE,FALSE,COMPLETE,TRUE,TRUE,TRUE
421980,10/3/25,10/1/25,55721,SouthWest,F,F,3500,300,1500,1500,0.497015595,0.37541312,527,TRUE,FALSE,INACTIVE,TRUE,TRUE,FALSE
188391,10/3/25,10/1/25,78467,NorthEast,C,,1650,2470,2470,2470,0.14173305,,585,TRUE,FALSE,INACTIVE,FALSE,FALSE,
233199,10/4/25,10/1/25,78469,SouthEast,F,F,1765.5,300,1500,1500,0.333314359,0.285801679,538,TRUE,FALSE,COMPLETE,TRUE,TRUE,TRUE
116988,10/4/25,10/1/25,63956,NorthEast,B,A,2500,2930,2930,2930,0.119004257,0.063938759,579,TRUE,FALSE,COMPLETE,TRUE,TRUE,TRUE
949156,10/4/25,10/1/25,75983,NorthEast,F,,2100,800,1500,1500,0.246917114,,560,TRUE,TRUE,INACTIVE,FALSE,FALSE,
300427,10/4/25,10/1/25,90492,West,A,,8500,5000,5000,5000,0.033769973,,618,TRUE,FALSE,INACTIVE,FALSE,FALSE,
129942,10/4/25,10/1/25,63956,NorthEast,E,,2500,1340,1500,1500,0.208403811,,567,TRUE,FALSE,INACTIVE,FALSE,FALSE,
392124,10/4/25,10/1/25,75062,NorthEast,C,C,2100,3240,3240,3240,0.1039894,0.155531704,638,TRUE,FALSE,COMPLETE,TRUE,TRUE,TRUE
350784,10/4/25,10/1/25,37644,SouthEast,D,,1800,870,1500,1500,0.239731088,,502,TRUE,FALSE,INACTIVE,FALSE,FALSE,
333414,10/4/25,10/1/25,90493,West,D,,2000,820,1500,1500,0.244464144,,527,TRUE,FALSE,INACTIVE,FALSE,FALSE,
539297,10/4/25,10/1/25,75062,NorthEast,D,,1700,2070,2070,2070,0.165136039,,,TRUE,FALSE,INACTIVE,FALSE,FALSE,
656337,10/4/25,10/1/25,85890,West,C,D,1000,1760,1760,1760,0.183594242,0.205862895,,TRUE,FALSE,COMPLETE,TRUE,TRUE,TRUE
955784,10/4/25,10/1/25,90496,West,A,,2000,5000,5000,5000,0.022689328,,604,TRUE,FALSE,INACTIVE,FALSE,FALSE,
847709,10/4/25,10/1/25,78467,NorthEast,C,D,2000,2470,2470,2470,0.141737655,0.225238249,617,TRUE,FALSE,COMPLETE,TRUE,TRUE,TRUE
156193,10/4/25,10/1/25,73708,NorthEast,F,,3000,810,1500,1500,0.246133745,,488,TRUE,FALSE,INACTIVE,FALSE,FALSE,
416235,10/4/25,10/1/25,78469,SouthEast,F,,1765.5,300,1500,1500,0.467095554,,585,FALSE,FALSE,DENIED,FALSE,FALSE,
671515,10/5/25,10/1/25,71513,West,C,,1800,2370,2370,2370,0.147803098,,548,TRUE,FALSE,INACTIVE,FALSE,FALSE,
932135,10/5/25,10/1/25,71513,West,D,,1800,1980,1980,1980,0.170922533,,,TRUE,FALSE,INACTIVE,FALSE,FALSE,
382851,10/5/25,10/1/25,90487,West,C,,3000,3100,3100,3100,0.110686846,,559,TRUE,FALSE,INACTIVE,FALSE,FALSE,
655611,10/5/25,10/1/25,90487,West,D,,3000,2950,3000,3000,0.11820548,,559,TRUE,FALSE,INACTIVE,FALSE,FALSE,
991544,10/5/25,10/1/25,90489,West,B,A,2700,5000,5000,5000,0.039920907,0.028335702,592,TRUE,FALSE,COMPLETE,TRUE,TRUE,TRUE
392543,10/5/25,10/1/25,90487,West,F,,4000,300,1500,1500,0.432084411,,520,FALSE,FALSE,DENIED,FALSE,FALSE,
481553,10/5/25,10/1/25,73708,NorthEast,F,,2000,300,1500,1500,0.333743393,,559,TRUE,TRUE,INACTIVE,FALSE,FALSE,
730936,10/6/25,10/1/25,54008,SouthEast,F,F,5500,300,1500,1500,0.304556966,0.382807493,553,TRUE,FALSE,COMPLETE,TRUE,TRUE,TRUE
115886,10/6/25,10/1/25,55721,SouthWest,C,,3500,4040,4040,4040,0.072244614,,572,TRUE,FALSE,INACTIVE,FALSE,FALSE,
690715,10/6/25,10/1/25,84832,SouthEast,F,C,2800,300,1500,1500,0.410705328,0.175926417,511,TRUE,FALSE,COMPLETE,TRUE,TRUE,TRUE
902519,10/6/25,10/1/25,90477,West,B,,2500,4500,4500,4500,0.059089482,,608,TRUE,FALSE,INACTIVE,FALSE,FALSE,
871685,10/6/25,10/1/25,90495,West,B,B,2200,4090,4090,4090,0.070890307,0.089709565,596,TRUE,FALSE,COMPLETE,TRUE,TRUE,TRUE
195599,10/6/25,10/1/25,90496,West,A,,2500,5000,5000,5000,0.028864799,,618,TRUE,FALSE,INACTIVE,FALSE,FALSE,
412135,10/6/25,10/1/25,55721,SouthWest,F,D,3500,300,1500,1500,0.380252421,0.223189652,552,TRUE,FALSE,COMPLETE,TRUE,TRUE,TRUE
630751,10/6/25,10/1/25,37644,SouthEast,F,F,2700,300,1500,1500,0.320605636,0.266594797,568,TRUE,TRUE,COMPLETE,TRUE,TRUE,TRUE
858226,10/6/25,10/1/25,90485,West,F,D,2100,1500,1500,1500,0.199208528,0.201646522,566,TRUE,FALSE,COMPLETE,TRUE,TRUE,TRUE
660296,10/6/25,10/1/25,37641,MidWest,F,,1500,300,1500,1500,0.32826063,,542,TRUE,FALSE,INACTIVE,FALSE,FALSE,
82751,10/6/25,10/1/25,37644,SouthEast,F,,2700,300,1500,1500,0.474398702,,547,FALSE,FALSE,DENIED,FALSE,FALSE,
243716,10/6/25,10/1/25,98395,NorthEast,D,,2500,950,950,950,0.232457951,,531,TRUE,FALSE,INACTIVE,FALSE,FALSE,
391404,10/7/25,10/1/25,90483,West,D,,2000,3120,3120,3120,0.109768055,,570,TRUE,FALSE,INACTIVE,FALSE,FALSE,
922474,10/7/25,10/1/25,75983,NorthEast,F,,1805,300,1500,1500,0.526028752,,526,FALSE,FALSE,DENIED,FALSE,FALSE,
596842,10/7/25,10/1/25,90496,West,B,A,4000,4470,4470,4470,0.060184039,0.051314384,612,TRUE,FALSE,COMPLETE,TRUE,TRUE,TRUE
461567,10/7/25,10/1/25,90495,West,C,,2400,3080,3080,3080,0.111629896,,577,TRUE,FALSE,INACTIVE,FALSE,FALSE,
529991,10/7/25,10/1/25,90485,West,B,,2200,4750,4750,4750,0.052180573,,588,TRUE,FALSE,INACTIVE,FALSE,FALSE,
520840,10/7/25,10/1/25,75063,NorthEast,D,,1650,2010,2010,2010,0.16871129,,555,TRUE,FALSE,INACTIVE,FALSE,FALSE,
383688,10/7/25,10/1/25,75063,NorthEast,B,,1650,4590,4590,4590,0.056615844,,592,TRUE,FALSE,INACTIVE,FALSE,FALSE,
885575,10/7/25,10/1/25,75983,NorthEast,F,,1805,300,1500,1500,0.595391989,,531,FALSE,FALSE,DENIED,FALSE,FALSE,
759451,10/7/25,10/1/25,77604,NorthEast,F,,2000,300,1500,1500,0.617399931,,577,FALSE,FALSE,DENIED,FALSE,FALSE,
513430,10/7/25,10/1/25,77604,NorthEast,F,,2000,300,1500,1500,0.625658989,,577,FALSE,FALSE,DENIED,FALSE,FALSE,
810295,10/8/25,10/1/25,73708,NorthEast,C,B,2900,2660,2900,2900,0.131845206,0.092908055,588,TRUE,FALSE,COMPLETE,TRUE,TRUE,TRUE
953120,10/8/25,10/1/25,55720,SouthWest,F,,2000,1750,1750,1750,0.184055716,,,TRUE,FALSE,INACTIVE,FALSE,FALSE,
956449,10/8/25,10/1/25,56437,SouthEast,A,,2000,5000,5000,5000,0.029853312,,605,TRUE,FALSE,INACTIVE,FALSE,FALSE,
17598,10/8/25,10/1/25,90485,West,F,,4800,300,1500,1500,0.541930854,,549,FALSE,FALSE,DENIED,FALSE,FALSE,
358012,10/8/25,10/1/25,90485,West,F,,4800,300,1500,1500,0.532561183,,549,TRUE,FALSE,INACTIVE,FALSE,FALSE,
214948,10/8/25,10/1/25,90487,West,F,,3000,1620,1620,1620,0.191788584,,562,TRUE,FALSE,INACTIVE,FALSE,FALSE,
8725,10/9/25,10/1/25,39559,West,D,,1500,1810,1810,1810,0.180799633,,550,TRUE,TRUE,INACTIVE,FALSE,FALSE,
896735,10/9/25,10/1/25,55721,SouthWest,B,,3500,2800,2800,2800,0.125223696,,551,TRUE,FALSE,INACTIVE,FALSE,FALSE,
998417,10/9/25,10/1/25,55721,SouthWest,C,C,3500,2240,2240,2240,0.155604288,0.159201011,569,TRUE,FALSE,INACTIVE,TRUE,TRUE,FALSE
413151,10/9/25,10/1/25,55721,SouthWest,C,A,3500,2290,2290,2290,0.152178183,0.056259114,551,TRUE,FALSE,COMPLETE,TRUE,TRUE,TRUE
798953,10/9/25,10/1/25,55721,SouthWest,F,,3000,300,1500,1500,0.3294954,,528,TRUE,FALSE,INACTIVE,FALSE,FALSE,
958639,10/9/25,10/1/25,84832,SouthEast,F,,1500,300,1500,1500,0.308323145,,569,TRUE,FALSE,INACTIVE,FALSE,FALSE,
249110,10/9/25,10/1/25,90493,West,B,,2000,4400,4400,4400,0.061985809,,567,TRUE,FALSE,INACTIVE,FALSE,FALSE,
794095,10/9/25,10/1/25,37648,SouthWest,F,,2500,300,1500,1500,0.436884314,,561,FALSE,FALSE,DENIED,FALSE,FALSE,
511468,10/9/25,10/1/25,54008,SouthEast,B,,1800,3210,3210,3210,0.105396934,,574,TRUE,FALSE,INACTIVE,FALSE,FALSE,
381427,10/9/25,10/1/25,39556,West,F,,2300,300,1500,1500,0.432742089,,527,FALSE,FALSE,DENIED,FALSE,FALSE,
547695,10/9/25,10/1/25,90487,West,E,,2500,1400,1500,1500,0.205054924,,551,TRUE,FALSE,INACTIVE,FALSE,FALSE,
585161,10/10/25,10/1/25,54008,SouthEast,F,F,2400,800,1500,1500,0.246465668,0.338585824,631,TRUE,FALSE,COMPLETE,TRUE,TRUE,TRUE
857040,10/10/25,10/1/25,37644,SouthEast,F,,2500,300,1500,1500,0.489400774,,569,FALSE,FALSE,DENIED,FALSE,FALSE,
354660,10/10/25,10/1/25,55721,SouthWest,E,C,3500,700,1500,1500,0.256037831,0.180225268,560,TRUE,TRUE,COMPLETE,TRUE,TRUE,TRUE
309618,10/10/25,10/1/25,73414,West,B,,2655.57,3230,3230,3230,0.104615577,,563,TRUE,FALSE,INACTIVE,FALSE,FALSE,
53362,10/10/25,10/1/25,37644,SouthEast,D,A,2000,1700,1700,1700,0.187280804,0.070055246,575,TRUE,FALSE,COMPLETE,TRUE,TRUE,TRUE
707197,10/10/25,10/1/25,75983,NorthEast,C,,2185,2540,2540,2540,0.137766883,,616,TRUE,FALSE,INACTIVE,FALSE,FALSE,
785864,10/10/25,10/1/25,84832,SouthEast,B,,2700,3940,3940,3940,0.075262956,,586,TRUE,FALSE,INACTIVE,FALSE,FALSE,
968629,10/10/25,10/1/25,37644,SouthEast,B,A,2400,5000,5000,5000,0.044499207,0.040443849,574,TRUE,FALSE,COMPLETE,TRUE,TRUE,TRUE
859596,10/10/25,10/1/25,90485,West,B,,2500,4490,4490,4490,0.059613381,,580,TRUE,FALSE,INACTIVE,FALSE,FALSE,
412875,10/10/25,10/1/25,75983,NorthEast,A,A,1650,5000,5000,5000,0.039531499,0.03439609,606,TRUE,FALSE,INACTIVE,TRUE,TRUE,FALSE
132605,10/11/25,10/1/25,90475,West,F,,3500,910,1500,1500,0.235711426,,,TRUE,FALSE,INACTIVE,FALSE,FALSE,
360163,10/11/25,10/1/25,55722,West,B,A,2400,5000,5000,5000,0.040435668,0.039050814,580,TRUE,FALSE,INACTIVE,TRUE,TRUE,FALSE
673798,10/11/25,10/1/25,90489,West,B,A,1900,3670,3670,3670,0.083274171,0.07428813,568,TRUE,FALSE,COMPLETE,TRUE,TRUE,TRUE
881373,10/11/25,10/1/25,90487,West,F,C,3000,300,1500,1500,0.334194541,0.149727076,563,TRUE,FALSE,COMPLETE,TRUE,TRUE,TRUE
505205,10/11/25,10/1/25,39559,West,F,,2000,450,1500,1500,0.279614866,,511,TRUE,FALSE,INACTIVE,FALSE,FALSE,
21100,10/11/25,10/1/25,90483,West,B,,2500,5000,5000,5000,0.041981321,,599,TRUE,FALSE,INACTIVE,FALSE,FALSE,
37761,10/11/25,10/1/25,55721,SouthWest,C,,3500,3970,3970,3970,0.074450642,,602,TRUE,FALSE,INACTIVE,FALSE,FALSE,
36594,10/11/25,10/1/25,51515,MidWest,A,,1800,5000,5000,5000,0.030214477,,592,TRUE,FALSE,INACTIVE,FALSE,FALSE,
31558,10/11/25,10/1/25,90487,West,E,,3000,520,1500,1500,0.273105651,,563,TRUE,TRUE,INACTIVE,FALSE,FALSE,
885383,10/11/25,10/1/25,90475,West,E,,3500,1940,1940,1940,0.173258454,,,TRUE,FALSE,INACTIVE,FALSE,FALSE,
378149,10/12/25,10/1/25,78467,NorthEast,B,A,2100,4280,4280,4280,0.065595269,0.037468441,582,TRUE,FALSE,COMPLETE,TRUE,TRUE,TRUE
218508,10/12/25,10/1/25,75063,NorthEast,C,,2100,2450,2450,2450,0.142646164,,562,TRUE,FALSE,INACTIVE,FALSE,FALSE,
452592,10/12/25,10/1/25,55722,West,F,F,2000,300,1500,1500,0.376475066,0.372509837,501,TRUE,FALSE,COMPLETE,TRUE,TRUE,TRUE
882493,10/12/25,10/1/25,55722,West,F,,1900,300,1500,1500,0.561540425,,561,FALSE,FALSE,DENIED,FALSE,FALSE,
761456,10/12/25,10/1/25,49344,West,B,B,1900,2680,2680,2680,0.130892932,0.13727586,569,TRUE,FALSE,COMPLETE,TRUE,TRUE,TRUE
683594,10/12/25,10/1/25,90496,West,F,,2000,1460,1500,1500,0.201373577,,,TRUE,FALSE,INACTIVE,FALSE,FALSE,
409764,10/12/25,10/1/25,63956,NorthEast,F,,2000,780,1500,1500,0.248392999,,488,TRUE,FALSE,INACTIVE,FALSE,FALSE,
875304,10/13/25,10/1/25,49344,West,F,F,2000,300,1500,1500,0.389580041,0.32015124,539,TRUE,FALSE,COMPLETE,TRUE,TRUE,TRUE
127538,10/13/25,10/1/25,72819,NorthEast,B,,2000,4280,4280,4280,0.065352507,,575,TRUE,FALSE,INACTIVE,FALSE,FALSE,
295901,10/13/25,10/1/25,87502,NorthEast,F,,1900,300,1500,1500,0.525403321,,529,FALSE,FALSE,DENIED,FALSE,FALSE,
523405,10/13/25,10/1/25,90487,West,B,,2500,4440,4440,4440,0.060807817,,598,TRUE,FALSE,INACTIVE,FALSE,FALSE,
93971,10/13/25,10/1/25,98395,NorthEast,B,A,2500,4510,4510,4510,0.058912601,0.036214955,604,TRUE,FALSE,COMPLETE,TRUE,TRUE,TRUE
345964,10/13/25,10/1/25,87502,NorthEast,F,,1900,300,1500,1500,0.547506988,,529,FALSE,FALSE,DENIED,FALSE,FALSE,
562342,10/14/25,10/1/25,68385,SouthWest,D,,2100,1560,1560,1560,0.19546625,,537,TRUE,FALSE,INACTIVE,FALSE,FALSE,
428711,10/14/25,10/1/25,90493,West,F,C,2600,630,1500,1500,0.262595296,0.157520622,549,TRUE,FALSE,COMPLETE,TRUE,TRUE,TRUE
971072,10/14/25,10/1/25,75061,NorthEast,B,,3200,4380,4380,4380,0.062517755,,613,TRUE,FALSE,INACTIVE,FALSE,FALSE,
90714,10/14/25,10/1/25,56437,SouthEast,F,,2500,700,1500,1500,0.256275356,,561,TRUE,FALSE,INACTIVE,FALSE,FALSE,
416925,10/14/25,10/1/25,90493,West,B,,3000,4940,4940,4940,0.046831846,,573,TRUE,FALSE,INACTIVE,FALSE,FALSE,
84648,10/14/25,10/1/25,90493,West,F,,3000,300,1500,1500,0.363611042,,452,TRUE,FALSE,INACTIVE,FALSE,FALSE,
684036,10/14/25,10/1/25,95737,NorthEast,E,D,1800,1030,1500,1500,0.226766542,0.225702181,547,TRUE,FALSE,COMPLETE,TRUE,TRUE,TRUE
325181,10/15/25,10/1/25,39553,West,C,A,2500,2810,2810,2810,0.124755725,0.060881604,577,TRUE,FALSE,COMPLETE,TRUE,TRUE,TRUE
437474,10/15/25,10/1/25,68385,SouthWest,C,A,3000,2160,2160,2160,0.160156548,0.062266249,557,TRUE,FALSE,COMPLETE,TRUE,TRUE,TRUE
105184,10/15/25,10/1/25,90492,West,F,,3000,300,1500,1500,0.415797442,,586,FALSE,FALSE,DENIED,FALSE,FALSE,
116189,10/15/25,10/1/25,55721,SouthWest,B,,2800,4440,4440,4440,0.060982894,,591,TRUE,FALSE,INACTIVE,FALSE,FALSE,
548261,10/15/25,10/1/25,55721,SouthWest,D,,3000,1250,1500,1500,0.213584736,,563,TRUE,FALSE,INACTIVE,FALSE,FALSE,
716993,10/15/25,10/1/25,73708,NorthEast,F,,2500,300,1500,1500,0.338336587,,,TRUE,FALSE,INACTIVE,FALSE,FALSE,
632162,10/15/25,10/1/25,90493,West,B,,2500,4270,4270,4270,0.065690741,,598,TRUE,FALSE,INACTIVE,FALSE,FALSE,
546460,10/15/25,10/1/25,98395,NorthEast,F,,2300,810,810,810,0.246087477,,,TRUE,FALSE,INACTIVE,FALSE,FALSE,
941124,10/15/25,10/1/25,78467,NorthEast,E,,1600,820,1600,1600,0.244426474,,579,TRUE,FALSE,INACTIVE,FALSE,FALSE,
610609,10/16/25,10/1/25,39554,West,F,F,400,340,1500,1500,0.290933043,0.268993676,535,TRUE,FALSE,COMPLETE,TRUE,TRUE,TRUE
444501,10/16/25,10/1/25,75983,NorthEast,F,E,1650,300,1650,1650,0.338456184,0.248227119,578,TRUE,FALSE,COMPLETE,TRUE,TRUE,TRUE
846965,10/16/25,10/1/25,75063,NorthEast,F,,1650,300,1650,1650,0.382543892,,484,FALSE,FALSE,DENIED,FALSE,FALSE,
722377,10/16/25,10/1/25,90492,West,E,,3000,1530,1530,1530,0.197130233,,555,TRUE,FALSE,COMPLETE,TRUE,TRUE,TRUE
207169,10/16/25,10/1/25,90487,West,F,,2300,760,1500,1500,0.25091511,,,TRUE,TRUE,INACTIVE,FALSE,FALSE,
168854,10/16/25,10/1/25,90492,West,F,,3000,1870,1870,1870,0.177072957,,502,TRUE,FALSE,INACTIVE,FALSE,FALSE,
327372,10/16/25,10/1/25,90492,West,F,,3500,300,1500,1500,0.306657553,,,FALSE,FALSE,DENIED,FALSE,FALSE,
542270,10/16/25,10/1/25,90492,West,F,,3000,1020,1500,1500,0.227460325,,502,TRUE,FALSE,INACTIVE,FALSE,FALSE,
511021,10/16/25,10/1/25,75983,NorthEast,B,,1650,3980,3980,3980,0.073989041,,567,TRUE,FALSE,INACTIVE,FALSE,FALSE,
428510,10/17/25,10/1/25,56437,SouthEast,B,,2000,4720,4720,4720,0.052913845,,597,TRUE,FALSE,INACTIVE,FALSE,FALSE,
963473,10/17/25,10/1/25,72819,NorthEast,F,,2000,300,1500,1500,0.315361619,,,FALSE,FALSE,DENIED,FALSE,FALSE,
600328,10/17/25,10/1/25,72819,NorthEast,E,,2200,1760,1760,1760,0.183995157,,576,TRUE,FALSE,INACTIVE,FALSE,FALSE,
356001,10/17/25,10/1/25,90487,West,F,F,5000,300,1500,1500,0.306335926,0.401973903,,TRUE,TRUE,INACTIVE,TRUE,TRUE,FALSE
34161,10/17/25,10/1/25,68385,SouthWest,B,A,2850,4110,4110,4110,0.070340119,0.046503093,594,TRUE,FALSE,COMPLETE,TRUE,TRUE,TRUE
875781,10/17/25,10/1/25,90487,West,F,F,5000,540,1500,1500,0.271606624,0.451276928,,TRUE,TRUE,COMPLETE,TRUE,TRUE,TRUE
473365,10/17/25,10/1/25,68385,SouthWest,F,F,2200,300,1500,1500,0.418122709,0.304777682,560,TRUE,FALSE,COMPLETE,TRUE,TRUE,TRUE
911673,10/18/25,10/1/25,75983,NorthEast,A,A,2255,5000,5000,5000,0.04230528,0.028986586,589,TRUE,FALSE,COMPLETE,TRUE,TRUE,TRUE
824280,10/18/25,10/1/25,56437,SouthEast,E,,2500,1700,1700,1700,0.187173933,,,TRUE,FALSE,INACTIVE,FALSE,FALSE,
236556,10/18/25,10/1/25,71513,West,C,B,1900,2890,2890,2890,0.120825641,0.092642426,560,TRUE,FALSE,COMPLETE,TRUE,TRUE,TRUE
944255,10/18/25,10/1/25,78469,SouthEast,C,,1765.5,1800,1800,1800,0.181119934,,577,TRUE,FALSE,INACTIVE,FALSE,FALSE,
644306,10/18/25,10/1/25,37644,SouthEast,F,,1800,300,1500,1500,0.473528594,,571,FALSE,FALSE,DENIED,FALSE,FALSE,
575413,10/18/25,10/1/25,37644,SouthEast,F,,1800,300,1500,1500,0.361094981,,502,FALSE,FALSE,DENIED,FALSE,FALSE,
227333,10/18/25,10/1/25,37644,SouthEast,F,F,1800,300,1500,1500,0.496731043,0.428372711,535,TRUE,FALSE,DENIED,TRUE,FALSE,
878737,10/18/25,10/1/25,63956,NorthEast,F,,1800,1110,1500,1500,0.22190316,,488,TRUE,FALSE,INACTIVE,FALSE,FALSE,
107487,10/18/25,10/1/25,85890,West,A,A,1600,5000,5000,5000,0.042439815,0.029375209,583,TRUE,FALSE,COMPLETE,TRUE,TRUE,TRUE
545213,10/18/25,10/1/25,71513,West,C,,1900,1800,1900,1900,0.181542769,,569,TRUE,FALSE,INACTIVE,FALSE,FALSE,
789097,10/18/25,10/1/25,68385,SouthWest,C,,2850,2520,2520,2520,0.139060244,,578,TRUE,FALSE,INACTIVE,FALSE,FALSE,
916107,10/18/25,10/1/25,90483,West,B,,4500,5000,5000,5000,0.042173367,,605,TRUE,FALSE,INACTIVE,FALSE,FALSE,
4698,10/18/25,10/1/25,85890,West,B,A,1999,4100,4100,4100,0.070707709,0.061246317,582,TRUE,FALSE,COMPLETE,TRUE,TRUE,TRUE
640206,10/18/25,10/1/25,79705,West,B,,700,4370,4370,4370,0.062943898,,593,TRUE,FALSE,INACTIVE,FALSE,FALSE,
4153,10/19/25,10/1/25,90493,West,C,,2400,2690,2690,2690,0.130632728,,567,TRUE,FALSE,INACTIVE,FALSE,FALSE,
331137,10/19/25,10/1/25,90493,West,F,,2600,1420,1500,1500,0.203846872,,,TRUE,FALSE,INACTIVE,FALSE,FALSE,
143619,10/19/25,10/1/25,90492,West,A,,2450,5000,5000,5000,0.025985995,,596,TRUE,FALSE,INACTIVE,FALSE,FALSE,
925094,10/19/25,10/1/25,37644,SouthEast,E,,3000,1660,1660,1660,0.189882919,,,TRUE,FALSE,INACTIVE,FALSE,FALSE,
796956,10/19/25,10/1/25,78470,SouthEast,E,F,2000,1220,1500,1500,0.215467647,0.292040676,581,TRUE,FALSE,COMPLETE,TRUE,TRUE,TRUE
689932,10/19/25,10/1/25,90489,West,F,E,2900,690,1500,1500,0.257407546,0.242208868,,TRUE,FALSE,COMPLETE,TRUE,TRUE,TRUE
135232,10/19/25,10/1/25,90489,West,B,A,3500,4650,4650,4650,0.055087276,0.031596079,613,TRUE,FALSE,COMPLETE,TRUE,TRUE,TRUE
153401,10/19/25,10/1/25,90482,West,C,B,1800,2350,2350,2350,0.148855314,0.11269258,536,TRUE,FALSE,COMPLETE,TRUE,TRUE,TRUE
623645,10/19/25,10/1/25,78470,SouthEast,E,D,2000,1220,1500,1500,0.215467647,0.200187892,581,TRUE,FALSE,COMPLETE,TRUE,TRUE,TRUE
86791,10/20/25,10/1/25,90495,West,C,,3500,3170,3170,3170,0.107393526,,584,TRUE,FALSE,INACTIVE,FALSE,FALSE,
742801,10/20/25,10/1/25,75061,NorthEast,F,,3000,710,1500,1500,0.255438,,,TRUE,FALSE,INACTIVE,FALSE,FALSE,
70520,10/20/25,10/1/25,90482,West,F,,2800,300,1500,1500,0.375315279,,545,TRUE,FALSE,INACTIVE,FALSE,FALSE,
556978,10/20/25,10/1/25,71513,West,G,,1300,300,1500,1500,0.664216936,,522,FALSE,FALSE,DENIED,FALSE,FALSE,
674862,10/20/25,10/1/25,90477,West,D,,800,1870,1870,1870,0.177060783,,,TRUE,FALSE,INACTIVE,FALSE,FALSE,
263089,10/21/25,10/1/25,84832,SouthEast,E,E,2800,380,1500,1500,0.28660059,0.259160995,521,TRUE,FALSE,COMPLETE,TRUE,TRUE,TRUE
749990,10/21/25,10/1/25,90489,West,B,A,1900,3950,3950,3950,0.074975364,0.077250592,605,TRUE,FALSE,COMPLETE,TRUE,TRUE,TRUE
344827,10/21/25,10/1/25,39553,West,F,,3000,300,1500,1500,0.373155296,,547,FALSE,FALSE,DENIED,FALSE,FALSE,
721168,10/21/25,10/1/25,90482,West,F,,2700,810,1500,1500,0.246087879,,,TRUE,FALSE,INACTIVE,FALSE,FALSE,
722313,10/21/25,10/1/25,90489,West,C,,2000,1780,1780,1780,0.182821393,,534,TRUE,FALSE,INACTIVE,FALSE,FALSE,
410566,10/21/25,10/1/25,51515,MidWest,A,,2500,5000,5000,5000,0.027720995,,608,TRUE,FALSE,INACTIVE,FALSE,FALSE,
495714,10/21/25,10/1/25,90493,West,F,,2000,300,1500,1500,0.358469069,,499,TRUE,FALSE,INACTIVE,FALSE,FALSE,
496924,10/21/25,10/1/25,37644,SouthEast,A,,2000,4970,4970,4970,0.045817126,,607,TRUE,FALSE,INACTIVE,FALSE,FALSE,
794317,10/21/25,10/1/25,84832,SouthEast,F,,2800,300,1500,1500,0.524125576,,453,FALSE,FALSE,DENIED,FALSE,FALSE,
854730,10/22/25,10/1/25,98395,NorthEast,F,,1800,300,500,500,0.586050093,,559,FALSE,FALSE,DENIED,FALSE,FALSE,
533020,10/22/25,10/1/25,84832,SouthEast,F,,2300,300,1500,1500,0.37446183,,,FALSE,FALSE,DENIED,FALSE,FALSE,
678048,10/22/25,10/1/25,39553,West,D,,1900,3030,3030,3030,0.114308633,,593,TRUE,FALSE,INACTIVE,FALSE,FALSE,
48031,10/23/25,10/1/25,85890,West,F,C,1299,580,1500,1500,0.26771158,0.178791657,592,TRUE,FALSE,COMPLETE,TRUE,TRUE,TRUE
531394,10/23/25,10/1/25,87502,NorthEast,F,D,1900,300,1500,1500,0.299842417,0.215625912,,TRUE,FALSE,INACTIVE,TRUE,TRUE,FALSE
692447,10/23/25,10/1/25,90487,West,B,A,4000,4970,4970,4970,0.045881748,0.048581738,619,TRUE,FALSE,COMPLETE,TRUE,TRUE,TRUE
297574,10/23/25,10/1/25,55721,SouthWest,F,,2500,950,1500,1500,0.231851876,,,TRUE,FALSE,INACTIVE,FALSE,FALSE,
159013,10/23/25,10/1/25,37644,SouthEast,F,,3000,300,1500,1500,0.534614205,,497,FALSE,FALSE,DENIED,FALSE,FALSE,
345036,10/24/25,10/1/25,90485,West,C,,2500,3270,3270,3270,0.102778271,,568,TRUE,FALSE,INACTIVE,FALSE,FALSE,
593988,10/24/25,10/1/25,84832,SouthEast,F,F,2500,300,1500,1500,0.351468563,0.398925424,459,TRUE,TRUE,COMPLETE,TRUE,TRUE,TRUE
393418,10/24/25,10/1/25,55721,SouthWest,B,,2500,4530,4530,4530,0.058477875,,583,TRUE,FALSE,INACTIVE,FALSE,FALSE,
389896,10/24/25,10/1/25,55721,SouthWest,F,B,3500,1530,1530,1530,0.197382137,0.096284933,572,TRUE,TRUE,COMPLETE,TRUE,TRUE,TRUE
820437,10/24/25,10/1/25,51515,MidWest,B,,1700,5000,5000,5000,0.034054406,,608,TRUE,FALSE,INACTIVE,FALSE,FALSE,
282161,10/24/25,10/1/25,49344,West,B,,1671,3160,3160,3160,0.108057812,,559,TRUE,FALSE,PREQUALIFIED,FALSE,FALSE,
35574,10/24/25,10/1/25,78470,SouthEast,F,,1765,890,1500,1500,0.237722769,,577,TRUE,FALSE,INACTIVE,FALSE,FALSE,
929662,10/24/25,10/1/25,51515,MidWest,B,,3200,5000,5000,5000,0.040935032,,607,TRUE,FALSE,INACTIVE,FALSE,FALSE,
471461,10/24/25,10/1/25,55722,West,F,,2500,400,1500,1500,0.285107613,,574,FALSE,FALSE,DENIED,FALSE,FALSE,
155851,10/24/25,10/1/25,84832,SouthEast,F,E,2700,300,1500,1500,0.36310783,0.23831822,559,TRUE,TRUE,COMPLETE,TRUE,TRUE,TRUE
375958,10/25/25,10/1/25,90485,West,E,,2000,2070,2070,2070,0.165337801,,561,TRUE,FALSE,INACTIVE,FALSE,FALSE,
544717,10/25/25,10/1/25,49344,West,B,A,1671,5000,5000,5000,0.037024349,0.03056553,605,TRUE,FALSE,COMPLETE,TRUE,TRUE,TRUE
270988,10/25/25,10/1/25,55722,West,F,F,2000,300,1500,1500,0.374459058,0.353624821,546,TRUE,FALSE,INACTIVE,TRUE,TRUE,FALSE
346810,10/25/25,10/1/25,78467,NorthEast,E,B,3000,3370,3370,3370,0.097910896,0.111810103,581,TRUE,FALSE,INACTIVE,TRUE,TRUE,FALSE
189870,10/25/25,10/1/25,55720,SouthWest,F,,2000,640,1500,1500,0.261831909,,,TRUE,FALSE,INACTIVE,FALSE,FALSE,
422161,10/25/25,10/1/25,90495,West,B,A,2000,4200,4200,4200,0.067782402,0.046891209,585,TRUE,FALSE,COMPLETE,TRUE,TRUE,TRUE
136322,10/25/25,10/1/25,55722,West,E,E,3500,1790,1790,1790,0.181764513,0.243041918,573,TRUE,FALSE,COMPLETE,TRUE,TRUE,TRUE
749093,10/25/25,10/1/25,75063,NorthEast,E,,1650,1150,1650,1650,0.219842076,,582,TRUE,FALSE,INACTIVE,FALSE,FALSE,
980813,10/25/25,10/1/25,49344,West,B,A,1900,5000,5000,5000,0.041207489,0.035666175,634,TRUE,FALSE,COMPLETE,TRUE,TRUE,TRUE
799859,10/25/25,10/1/25,73414,West,B,,1600,5000,5000,5000,0.043971676,,576,TRUE,FALSE,INACTIVE,FALSE,FALSE,
387453,10/25/25,10/1/25,68385,SouthWest,D,B,800,1670,1670,1670,0.188757792,0.140493229,551,TRUE,FALSE,COMPLETE,TRUE,TRUE,TRUE
538307,10/25/25,10/1/25,98395,NorthEast,F,C,2000,1600,1600,1600,0.192989066,0.147544757,543,TRUE,FALSE,COMPLETE,TRUE,TRUE,TRUE
287353,10/26/25,10/1/25,78652,West,B,,3000,5000,5000,5000,0.044847228,,609,TRUE,TRUE,INACTIVE,FALSE,FALSE,
768435,10/26/25,10/1/25,55721,SouthWest,D,B,3500,3180,3180,3180,0.10677617,0.084214136,575,TRUE,FALSE,COMPLETE,TRUE,TRUE,TRUE
399022,10/26/25,10/1/25,63956,NorthEast,E,,1900,1670,1670,1670,0.188925892,,,TRUE,FALSE,INACTIVE,FALSE,FALSE,
64409,10/26/25,10/1/25,78467,NorthEast,E,,2500,720,1500,1500,0.254031092,,579,TRUE,FALSE,INACTIVE,TRUE,TRUE,FALSE
422004,10/26/25,10/1/25,78652,West,B,A,1500,5000,5000,5000,0.040094599,0.029413281,609,TRUE,TRUE,INACTIVE,TRUE,TRUE,FALSE
873657,10/26/25,10/1/25,78469,SouthEast,F,F,2100,300,1500,1500,0.370690972,0.3510755,,TRUE,FALSE,INACTIVE,TRUE,TRUE,FALSE
381325,10/26/25,10/1/25,73414,West,D,C,1400,1870,1870,1870,0.17711322,0.184502378,608,TRUE,FALSE,COMPLETE,TRUE,TRUE,TRUE
189760,10/26/25,10/1/25,90482,West,F,F,2800,300,1500,1500,0.35047105,0.383755028,548,TRUE,FALSE,DENIED,TRUE,FALSE,
42117,10/26/25,10/1/25,73708,NorthEast,B,A,2500,5000,5000,5000,0.030420808,0.031768441,620,TRUE,FALSE,COMPLETE,TRUE,TRUE,TRUE
553879,10/27/25,10/1/25,39556,West,F,,2500,300,1500,1500,0.416383892,,559,FALSE,FALSE,DENIED,FALSE,FALSE,
183450,10/27/25,10/1/25,49344,West,B,,1700,3750,3750,3750,0.080513544,,594,TRUE,FALSE,PREQUALIFIED,FALSE,FALSE,
303541,10/27/25,10/1/25,39556,West,D,,2000,2610,2610,2610,0.134504035,,555,TRUE,FALSE,INACTIVE,FALSE,FALSE,
33142,10/27/25,10/1/25,90492,West,C,,2450,2760,2760,2760,0.127055436,,572,TRUE,FALSE,INACTIVE,FALSE,FALSE,
953116,10/27/25,10/1/25,55721,SouthWest,E,,2750,1220,1500,1500,0.215843126,,,TRUE,FALSE,INACTIVE,FALSE,FALSE,
868229,10/27/25,10/1/25,39556,West,F,,2500,300,1500,1500,0.467789978,,479,FALSE,FALSE,DENIED,FALSE,FALSE,
960275,10/27/25,10/1/25,56437,SouthEast,F,,2000,660,1500,1500,0.260384023,,488,TRUE,FALSE,INACTIVE,FALSE,FALSE,
469868,10/27/25,10/1/25,39556,West,F,,2500,300,1500,1500,0.422963738,,559,FALSE,FALSE,DENIED,FALSE,FALSE,
155278,10/28/25,10/1/25,84832,SouthEast,F,,2800,300,1500,1500,0.396239877,,564,FALSE,FALSE,DENIED,FALSE,FALSE,
418852,10/28/25,10/1/25,78469,SouthEast,F,,2500,640,1500,1500,0.26215443,,562,TRUE,FALSE,INACTIVE,FALSE,FALSE,
472721,10/28/25,10/1/25,84832,SouthEast,F,F,2000,300,1500,1500,0.440440893,0.439498961,512,TRUE,FALSE,COMPLETE,TRUE,TRUE,TRUE
462608,10/28/25,10/1/25,55722,West,F,,3800,300,1500,1500,0.659896135,,547,FALSE,FALSE,DENIED,FALSE,FALSE,
599894,10/29/25,10/1/25,68385,SouthWest,C,B,3000,3030,3030,3030,0.114343628,0.101654559,597,TRUE,FALSE,COMPLETE,TRUE,TRUE,TRUE
461846,10/29/25,10/1/25,39556,West,D,C,2000,2670,2670,2670,0.131626964,0.179578111,574,TRUE,FALSE,COMPLETE,TRUE,TRUE,TRUE
572869,10/29/25,10/1/25,78652,West,F,,1450,300,1500,1500,0.326902092,,576,TRUE,FALSE,INACTIVE,FALSE,FALSE,
38498,10/29/25,10/1/25,75063,NorthEast,F,,1650,300,1650,1650,0.311085612,,554,TRUE,FALSE,INACTIVE,FALSE,FALSE,
768126,10/30/25,10/1/25,90492,West,F,,2500,300,1500,1500,0.59686482,,537,FALSE,FALSE,DENIED,FALSE,FALSE,
64597,10/30/25,10/1/25,90485,West,C,,2200,3460,3460,3460,0.093366183,,593,TRUE,FALSE,INACTIVE,FALSE,FALSE,
35083,10/30/25,10/1/25,90493,West,B,,2400,4850,4850,4850,0.049258966,,590,TRUE,FALSE,INACTIVE,FALSE,FALSE,
241485,10/31/25,10/1/25,68385,SouthWest,F,F,2300,300,1500,1500,0.454104543,0.386105746,490,TRUE,FALSE,INACTIVE,TRUE,TRUE,FALSE
65879,10/31/25,10/1/25,84832,SouthEast,E,,2000,740,1500,1500,0.252295077,,,TRUE,FALSE,INACTIVE,FALSE,FALSE,
701120,10/31/25,10/1/25,73231,West,B,,1940,5000,5000,5000,0.022234861,,594,TRUE,FALSE,INACTIVE,FALSE,FALSE,
933073,10/31/25,10/1/25,90485,West,F,,2500,650,1500,1500,0.261171341,,562,TRUE,FALSE,INACTIVE,FALSE,FALSE,
415865,10/31/25,10/1/25,84832,SouthEast,F,F,1800,300,1500,1500,0.352263927,0.293531835,547,TRUE,TRUE,COMPLETE,TRUE,TRUE,TRUE
708610,10/31/25,10/1/25,78469,SouthEast,B,,2100,5000,5000,5000,0.038831182,,580,TRUE,FALSE,INACTIVE,FALSE,FALSE,
419294,10/31/25,10/1/25,37643,SouthEast,F,,3930,300,1500,1500,0.625972211,,576,FALSE,FALSE,DENIED,FALSE,FALSE,
987215,10/31/25,10/1/25,90482,West,F,,3000,300,1500,1500,0.367959797,,574,TRUE,TRUE,INACTIVE,FALSE,FALSE,
183682,10/31/25,10/1/25,78467,NorthEast,F,,1650,630,1650,1650,0.262825727,,,TRUE,FALSE,INACTIVE,FALSE,FALSE,
190540,11/1/25,11/1/25,51279,West,F,,1500,300,1500,1500,0.477265149,,523,FALSE,FALSE,DENIED,FALSE,FALSE,
372639,11/1/25,11/1/25,79705,West,F,,2000,300,1500,1500,0.43996489,,588,FALSE,FALSE,DENIED,FALSE,FALSE,
62604,11/1/25,11/1/25,55721,SouthWest,F,,2450,1710,1710,1710,0.186375871,,576,TRUE,FALSE,INACTIVE,FALSE,FALSE,
867585,11/1/25,11/1/25,90485,West,F,,2000,300,1500,1500,0.506709874,,536,FALSE,FALSE,DENIED,FALSE,FALSE,
699144,11/1/25,11/1/25,90493,West,C,,2500,2100,2100,2100,0.163394988,,550,TRUE,FALSE,INACTIVE,FALSE,FALSE,
742456,11/1/25,11/1/25,90493,West,E,,2500,1040,1500,1500,0.226123899,,539,TRUE,FALSE,INACTIVE,FALSE,FALSE,
897996,11/1/25,11/1/25,51515,MidWest,B,,1400,4150,4150,4150,0.069268823,,595,TRUE,FALSE,INACTIVE,FALSE,FALSE,
60086,11/1/25,11/1/25,56437,SouthEast,C,,2500,3250,3250,3250,0.103404477,,601,TRUE,FALSE,INACTIVE,FALSE,FALSE,
629121,11/1/25,11/1/25,75983,NorthEast,B,,2100,4990,4990,4990,0.045386575,,603,TRUE,FALSE,COMPLETE,TRUE,TRUE,TRUE
185226,11/1/25,11/1/25,51515,MidWest,E,B,3300,1570,1570,1570,0.194858953,0.137986466,,TRUE,FALSE,COMPLETE,TRUE,TRUE,TRUE
972725,11/1/25,11/1/25,55720,SouthWest,E,D,5000,1810,1810,1810,0.180579513,0.225690469,550,TRUE,FALSE,INACTIVE,TRUE,TRUE,FALSE
484758,11/2/25,11/1/25,90493,West,C,,2400,3990,3990,3990,0.073746577,,589,TRUE,FALSE,INACTIVE,FALSE,FALSE,
18240,11/2/25,11/1/25,49344,West,C,B,1800,3070,3070,3070,0.112284578,0.113532044,595,TRUE,FALSE,COMPLETE,TRUE,TRUE,TRUE
704990,11/2/25,11/1/25,90496,West,C,,2500,3680,3680,3680,0.082721822,,625,TRUE,FALSE,INACTIVE,FALSE,FALSE,
817248,11/2/25,11/1/25,71513,West,F,,1800,1000,1500,1500,0.228494018,,,TRUE,FALSE,INACTIVE,FALSE,FALSE,
208636,11/2/25,11/1/25,98395,NorthEast,F,,1875,300,500,500,0.348829567,,,TRUE,FALSE,INACTIVE,FALSE,FALSE,
697670,11/2/25,11/1/25,71513,West,D,,1800,2160,2160,2160,0.159978837,,,TRUE,FALSE,INACTIVE,FALSE,FALSE,
736426,11/3/25,11/1/25,75062,NorthEast,F,E,1650,870,1650,1650,0.239574343,0.245073915,,TRUE,FALSE,COMPLETE,TRUE,TRUE,TRUE
844181,11/3/25,11/1/25,90495,West,F,,2000,300,1500,1500,0.310102612,,536,TRUE,FALSE,INACTIVE,FALSE,FALSE,
927954,11/4/25,11/1/25,39556,West,D,,1800,1780,1800,1800,0.182403505,,,TRUE,FALSE,INACTIVE,FALSE,FALSE,
733900,11/4/25,11/1/25,55720,SouthWest,F,C,3000,300,1500,1500,0.31616956,0.187127784,529,TRUE,FALSE,COMPLETE,TRUE,TRUE,TRUE
407786,11/4/25,11/1/25,90493,West,B,,2000,5000,5000,5000,0.040387716,,596,TRUE,FALSE,INACTIVE,FALSE,FALSE,
672540,11/4/25,11/1/25,37641,MidWest,F,D,1500,300,1500,1500,0.327010632,0.2129004,543,TRUE,TRUE,COMPLETE,TRUE,TRUE,TRUE
348788,11/4/25,11/1/25,73708,NorthEast,F,,2290,1100,1500,1500,0.222743735,,560,TRUE,FALSE,INACTIVE,FALSE,FALSE,
169223,11/4/25,11/1/25,56437,SouthEast,F,,1750,300,1500,1500,0.38553071,,483,TRUE,FALSE,INACTIVE,FALSE,FALSE,
814621,11/4/25,11/1/25,37644,SouthEast,F,,2500,300,1500,1500,0.411592185,,564,FALSE,FALSE,DENIED,FALSE,FALSE,
360546,11/5/25,11/1/25,68385,SouthWest,D,B,1500,1770,1770,1770,0.183134854,0.138101771,569,TRUE,FALSE,COMPLETE,TRUE,TRUE,TRUE
547483,11/5/25,11/1/25,90482,West,D,F,2300,2340,2340,2340,0.149170652,0.277160883,634,TRUE,FALSE,COMPLETE,TRUE,TRUE,TRUE
134725,11/5/25,11/1/25,68385,SouthWest,D,B,4000,1740,1740,1740,0.184723467,0.093724363,538,TRUE,FALSE,COMPLETE,TRUE,TRUE,TRUE
817739,11/5/25,11/1/25,90495,West,F,,2000,980,1500,1500,0.229814693,,,TRUE,FALSE,INACTIVE,FALSE,FALSE,
120126,11/5/25,11/1/25,65790,West,F,,4000,1120,1500,1500,0.221737713,,,TRUE,FALSE,INACTIVE,FALSE,FALSE,
286812,11/5/25,11/1/25,37644,SouthEast,F,B,2500,440,1500,1500,0.280617774,0.128291339,574,TRUE,FALSE,COMPLETE,TRUE,TRUE,TRUE
686524,11/6/25,11/1/25,68385,SouthWest,D,B,1950,3040,3040,3040,0.113792755,0.084929422,610,TRUE,FALSE,COMPLETE,TRUE,TRUE,TRUE
867631,11/6/25,11/1/25,39556,West,F,D,2500,300,1500,1500,0.302084923,0.224072441,488,TRUE,TRUE,COMPLETE,TRUE,TRUE,TRUE
303527,11/6/25,11/1/25,75062,NorthEast,F,F,2100,300,1500,1500,0.395597011,0.378153384,549,TRUE,FALSE,COMPLETE,TRUE,TRUE,TRUE
711050,11/6/25,11/1/25,75061,NorthEast,F,F,2248,300,1500,1500,0.455884069,0.280428141,618,TRUE,FALSE,COMPLETE,TRUE,TRUE,TRUE
453860,11/6/25,11/1/25,75063,NorthEast,F,,1650,300,1650,1650,0.437619835,,558,FALSE,FALSE,DENIED,FALSE,FALSE,
316568,11/6/25,11/1/25,84832,SouthEast,F,D,4000,630,1500,1500,0.263195217,0.197576433,579,TRUE,TRUE,COMPLETE,TRUE,TRUE,TRUE
575852,11/6/25,11/1/25,75063,NorthEast,F,,2100,300,1500,1500,0.483644873,,561,FALSE,FALSE,DENIED,FALSE,FALSE,
258007,11/6/25,11/1/25,75063,NorthEast,F,,1650,300,1650,1650,0.499899983,,561,FALSE,FALSE,DENIED,FALSE,FALSE,
117401,11/6/25,11/1/25,85890,West,B,A,999,4960,4960,4960,0.046150785,0.065140031,603,TRUE,FALSE,INACTIVE,TRUE,TRUE,TRUE
485384,11/6/25,11/1/25,90492,West,C,,4000,2800,2800,2800,0.12511459,,545,TRUE,FALSE,INACTIVE,FALSE,FALSE,
342833,11/7/25,11/1/25,39555,West,D,B,2300,1360,1500,1500,0.207421288,0.116530761,589,TRUE,FALSE,COMPLETE,TRUE,TRUE,TRUE
341697,11/7/25,11/1/25,90493,West,F,,2700,500,1500,1500,0.275644362,,529,TRUE,FALSE,INACTIVE,FALSE,FALSE,
59272,11/7/25,11/1/25,55722,West,B,A,3500,3750,3750,3750,0.080444202,0.074465148,605,TRUE,FALSE,COMPLETE,TRUE,TRUE,TRUE
688423,11/7/25,11/1/25,68385,SouthWest,F,,2750,300,1500,1500,0.46075964,,514,FALSE,FALSE,DENIED,FALSE,FALSE,
906651,11/7/25,11/1/25,90485,West,F,F,485,420,1500,1500,0.282507449,0.274078369,568,TRUE,FALSE,COMPLETE,TRUE,TRUE,TRUE
596569,11/7/25,11/1/25,68385,SouthWest,F,,2750,300,1500,1500,0.477165639,,514,FALSE,FALSE,DENIED,FALSE,FALSE,
105679,11/7/25,11/1/25,98395,NorthEast,F,,2000,300,500,500,0.384725839,,527,FALSE,FALSE,DENIED,FALSE,FALSE,
940661,11/8/25,11/1/25,90495,West,F,D,750,1180,1500,1500,0.218026966,0.207046375,596,TRUE,FALSE,COMPLETE,TRUE,TRUE,TRUE
30383,11/8/25,11/1/25,75983,NorthEast,F,,1650,1070,1650,1650,0.22439298,,,TRUE,FALSE,INACTIVE,FALSE,FALSE,
381649,11/8/25,11/1/25,54008,SouthEast,F,,2000,300,1500,1500,0.500320375,,529,FALSE,FALSE,DENIED,FALSE,FALSE,
80660,11/8/25,11/1/25,78469,SouthEast,E,,2100,960,1500,1500,0.231624797,,576,TRUE,FALSE,INACTIVE,FALSE,FALSE,
379058,11/8/25,11/1/25,55722,West,F,,2500,1250,1500,1500,0.213564813,,,TRUE,TRUE,INACTIVE,FALSE,FALSE,
728123,11/8/25,11/1/25,90483,West,F,,3000,300,1500,1500,0.383643419,,589,TRUE,FALSE,INACTIVE,FALSE,FALSE,
501126,11/8/25,11/1/25,71513,West,D,D,650,1020,1500,1500,0.227655947,0.220524356,513,TRUE,FALSE,COMPLETE,TRUE,TRUE,TRUE
80624,11/8/25,11/1/25,90492,West,D,,6000,3140,3140,3140,0.108875848,,578,TRUE,FALSE,INACTIVE,FALSE,FALSE,
605055,11/9/25,11/1/25,79705,West,E,B,2500,1790,1790,1790,0.182109445,0.11887005,570,TRUE,FALSE,COMPLETE,TRUE,TRUE,TRUE
88761,11/9/25,11/1/25,72819,NorthEast,B,,2000,4500,4500,4500,0.05931887,,615,TRUE,FALSE,INACTIVE,FALSE,FALSE,
502162,11/9/25,11/1/25,49344,West,F,,2400,300,1500,1500,0.551612318,,545,FALSE,FALSE,DENIED,FALSE,FALSE,
599310,11/9/25,11/1/25,55721,SouthWest,F,C,2400,300,1500,1500,0.33912921,0.174107701,533,TRUE,FALSE,INACTIVE,TRUE,TRUE,FALSE
376271,11/9/25,11/1/25,90477,West,F,F,3000,1380,1500,1500,0.206095427,0.310165197,,TRUE,FALSE,COMPLETE,TRUE,TRUE,TRUE
402864,11/9/25,11/1/25,37644,SouthEast,F,,2500,300,1500,1500,0.373188168,,529,TRUE,FALSE,INACTIVE,FALSE,FALSE,
960045,11/10/25,11/1/25,75063,NorthEast,B,,2100,5000,5000,5000,0.034139376,,612,TRUE,FALSE,INACTIVE,FALSE,FALSE,
389600,11/10/25,11/1/25,68385,SouthWest,F,,2450,900,1500,1500,0.237150311,,,TRUE,FALSE,INACTIVE,FALSE,FALSE,
389197,11/10/25,11/1/25,51279,West,D,,1500,2150,2150,2150,0.160654709,,554,TRUE,FALSE,INACTIVE,FALSE,FALSE,
967364,11/10/25,11/1/25,79705,West,F,,2500,880,1500,1500,0.238548979,,622,TRUE,FALSE,INACTIVE,FALSE,FALSE,
264317,11/10/25,11/1/25,71513,West,C,,700,2660,2660,2660,0.131817386,,580,TRUE,FALSE,INACTIVE,FALSE,FALSE,
475101,11/10/25,11/1/25,73231,West,F,,2000,300,1500,1500,0.403189361,,551,TRUE,FALSE,INACTIVE,FALSE,FALSE,
335229,11/10/25,11/1/25,79705,West,F,,2500,850,1500,1500,0.241615176,,580,TRUE,FALSE,INACTIVE,FALSE,FALSE,
233078,11/10/25,11/1/25,78469,SouthEast,B,,2000,5000,5000,5000,0.044362813,,589,TRUE,FALSE,INACTIVE,FALSE,FALSE,
963767,11/10/25,11/1/25,51279,West,F,E,2500,300,1500,1500,0.342669904,0.234813705,519,TRUE,FALSE,COMPLETE,TRUE,TRUE,TRUE
587039,11/10/25,11/1/25,78469,SouthEast,E,C,2247.5,2500,2500,2500,0.139758795,0.161432773,586,TRUE,FALSE,INACTIVE,TRUE,TRUE,FALSE
342676,11/11/25,11/1/25,95737,NorthEast,B,,2500,3810,3810,3810,0.078976199,,592,TRUE,TRUE,INACTIVE,FALSE,FALSE,
36997,11/11/25,11/1/25,37644,SouthEast,F,C,3000,690,1500,1500,0.257359743,0.158320263,557,TRUE,FALSE,COMPLETE,TRUE,TRUE,TRUE
978846,11/11/25,11/1/25,39553,West,F,,5000,300,1500,1500,0.392404437,,583,TRUE,FALSE,INACTIVE,FALSE,FALSE,
828342,11/11/25,11/1/25,55722,West,C,B,2500,2660,2660,2660,0.131976843,0.131928712,557,TRUE,FALSE,COMPLETE,TRUE,TRUE,TRUE
202112,11/11/25,11/1/25,90496,West,B,,3000,5000,5000,5000,0.034280285,,606,TRUE,FALSE,INACTIVE,FALSE,FALSE,
509253,11/11/25,11/1/25,90489,West,F,B,2600,1520,1520,1520,0.197710067,0.114810884,581,TRUE,FALSE,COMPLETE,TRUE,TRUE,TRUE
26839,11/11/25,11/1/25,71513,West,F,,1900,610,1500,1500,0.26489085,,,TRUE,FALSE,INACTIVE,FALSE,FALSE,
47175,11/11/25,11/1/25,49344,West,D,,2900,1330,1500,1500,0.20908162,,590,TRUE,FALSE,PREQUALIFIED,FALSE,FALSE,
257433,11/12/25,11/1/25,55721,SouthWest,F,,4500,710,1500,1500,0.255283654,,,TRUE,FALSE,INACTIVE,FALSE,FALSE,
95408,11/12/25,11/1/25,90487,West,F,D,3500,300,1500,1500,0.347791284,0.221596792,551,TRUE,FALSE,INACTIVE,TRUE,TRUE,FALSE
437350,11/12/25,11/1/25,78469,SouthEast,F,F,2247.65,300,1500,1500,0.349261075,0.360914528,525,TRUE,TRUE,COMPLETE,TRUE,TRUE,TRUE
72859,11/12/25,11/1/25,84832,SouthEast,G,,2800,300,1500,1500,0.737843871,,505,FALSE,FALSE,DENIED,FALSE,FALSE,
642619,11/12/25,11/1/25,55721,SouthWest,C,,4500,3540,3540,3540,0.089924626,,591,TRUE,FALSE,INACTIVE,FALSE,FALSE,
849925,11/13/25,11/1/25,90493,West,E,,3000,1980,1980,1980,0.170647278,,,TRUE,FALSE,INACTIVE,FALSE,FALSE,
741882,11/13/25,11/1/25,55722,West,F,,2500,300,1500,1500,0.574031055,,525,FALSE,FALSE,DENIED,FALSE,FALSE,
674613,11/13/25,11/1/25,68385,SouthWest,F,,2250,420,1500,1500,0.283311307,,436,TRUE,FALSE,INACTIVE,FALSE,FALSE,
312077,11/13/25,11/1/25,90485,West,F,,2500,300,1500,1500,0.616665423,,565,FALSE,FALSE,DENIED,FALSE,FALSE,
241853,11/13/25,11/1/25,37644,SouthEast,E,B,2500,860,1500,1500,0.241171136,0.09312702,,TRUE,FALSE,INACTIVE,TRUE,TRUE,TRUE
473511,11/13/25,11/1/25,55721,SouthWest,F,,4500,300,1500,1500,0.559704602,,541,FALSE,FALSE,DENIED,FALSE,FALSE,
68616,11/13/25,11/1/25,55721,SouthWest,F,,4500,300,1500,1500,0.421714276,,514,FALSE,FALSE,DENIED,FALSE,FALSE,
520914,11/13/25,11/1/25,78469,SouthEast,D,C,1765.5,1440,1500,1500,0.202615753,0.151101708,584,TRUE,FALSE,COMPLETE,TRUE,TRUE,TRUE
543462,11/13/25,11/1/25,84832,SouthEast,G,,2800,300,1500,1500,0.764007866,,520,FALSE,FALSE,DENIED,FALSE,FALSE,
118300,11/14/25,11/1/25,73708,NorthEast,F,E,2000,300,1500,1500,0.350776374,0.253868014,546,TRUE,TRUE,INACTIVE,TRUE,TRUE,FALSE
154249,11/14/25,11/1/25,69568,West,C,,1800,4490,4490,4490,0.059498772,,572,TRUE,FALSE,INACTIVE,FALSE,FALSE,
369447,11/14/25,11/1/25,68385,SouthWest,E,,3500,2190,2190,2190,0.158578798,,564,TRUE,FALSE,INACTIVE,FALSE,FALSE,
801001,11/14/25,11/1/25,85890,West,C,B,1599,3820,3820,3820,0.078643955,0.089072414,649,TRUE,FALSE,INACTIVE,TRUE,TRUE,FALSE
377846,11/14/25,11/1/25,90485,West,F,,2500,300,1500,1500,0.417395711,,549,FALSE,FALSE,DENIED,FALSE,FALSE,
347395,11/15/25,11/1/25,73231,West,B,,2000,5000,5000,5000,0.031080585,,609,TRUE,FALSE,INACTIVE,FALSE,FALSE,
521237,11/15/25,11/1/25,68385,SouthWest,F,,2450,300,1500,1500,0.45835197,,598,FALSE,FALSE,DENIED,FALSE,FALSE,
960866,11/15/25,11/1/25,51515,MidWest,C,,2000,4130,4130,4130,0.06981077,,630,TRUE,FALSE,INACTIVE,FALSE,FALSE,
806756,11/15/25,11/1/25,39553,West,F,,2400,480,1500,1500,0.277170807,,488,TRUE,FALSE,INACTIVE,FALSE,FALSE,
775316,11/15/25,11/1/25,73231,West,B,,2000,4950,4950,4950,0.046426214,,589,TRUE,FALSE,INACTIVE,FALSE,FALSE,
994422,11/15/25,11/1/25,49344,West,B,,4100,4790,4790,4790,0.050991021,,584,TRUE,FALSE,PREQUALIFIED,FALSE,FALSE,
509466,11/15/25,11/1/25,78469,SouthEast,C,,2200,3690,3690,3690,0.082581259,,560,TRUE,FALSE,INACTIVE,FALSE,FALSE,
355103,11/15/25,11/1/25,75063,NorthEast,B,,1650,5000,5000,5000,0.030064661,,591,TRUE,FALSE,INACTIVE,FALSE,FALSE,
171902,11/16/25,11/1/25,49344,West,B,A,1670.96,4080,4080,4080,0.071176991,0.045669593,610,TRUE,FALSE,COMPLETE,TRUE,TRUE,TRUE
293408,11/16/25,11/1/25,55722,West,C,D,4000,2440,2440,2440,0.143341377,0.19513683,609,TRUE,FALSE,COMPLETE,TRUE,TRUE,TRUE
163599,11/16/25,11/1/25,90485,West,F,,2700,1250,1500,1500,0.214020103,,567,TRUE,FALSE,INACTIVE,FALSE,FALSE,
682651,11/16/25,11/1/25,49344,West,B,A,1700,4380,4380,4380,0.062600248,0.027270108,587,TRUE,FALSE,COMPLETE,TRUE,TRUE,TRUE
385941,11/16/25,11/1/25,78470,SouthEast,B,,2400,5000,5000,5000,0.029155191,,614,TRUE,FALSE,INACTIVE,FALSE,FALSE,
345942,11/17/25,11/1/25,87502,NorthEast,F,F,3380.56,300,1500,1500,0.368208379,0.356181204,530,TRUE,TRUE,DENIED,TRUE,FALSE,
242658,11/17/25,11/1/25,78469,SouthEast,B,,2600,4140,4140,4140,0.069529213,,558,TRUE,FALSE,INACTIVE,FALSE,FALSE,
209493,11/17/25,11/1/25,90489,West,B,B,2600,4030,4030,4030,0.072468698,0.08704114,573,TRUE,FALSE,COMPLETE,TRUE,TRUE,TRUE
224469,11/17/25,11/1/25,79705,West,B,,2500,5000,5000,5000,0.031286076,,595,TRUE,FALSE,INACTIVE,FALSE,FALSE,
439508,11/18/25,11/1/25,73414,West,D,C,2500,2230,2230,2230,0.155927032,0.158533618,534,TRUE,FALSE,COMPLETE,TRUE,TRUE,TRUE
37470,11/18/25,11/1/25,39553,West,F,D,1800,300,1500,1500,0.392012447,0.215515584,507,TRUE,FALSE,COMPLETE,TRUE,TRUE,TRUE
263619,11/18/25,11/1/25,90492,West,C,D,2500,2760,2760,2760,0.127147913,0.196733877,502,TRUE,FALSE,COMPLETE,TRUE,TRUE,TRUE
137468,11/18/25,11/1/25,90487,West,B,A,3500,4020,4020,4020,0.072908036,0.034906648,593,TRUE,FALSE,COMPLETE,TRUE,TRUE,TRUE
774451,11/18/25,11/1/25,49344,West,B,,4200,5000,5000,5000,0.037548862,,588,TRUE,FALSE,PREQUALIFIED,FALSE,FALSE,
808910,11/18/25,11/1/25,49344,West,B,,1800,3370,3370,3370,0.097648203,,564,TRUE,FALSE,PREQUALIFIED,FALSE,FALSE,
507646,11/18/25,11/1/25,78467,NorthEast,E,,2100,1630,1630,1630,0.191564262,,618,TRUE,FALSE,INACTIVE,FALSE,FALSE,
19042,11/18/25,11/1/25,65790,West,F,,2000,300,1500,1500,0.354109675,,521,TRUE,TRUE,INACTIVE,FALSE,FALSE,
478966,11/19/25,11/1/25,68385,SouthWest,E,C,800,2910,2910,2910,0.11973273,0.186745644,589,TRUE,FALSE,COMPLETE,TRUE,TRUE,TRUE
343567,11/19/25,11/1/25,37644,SouthEast,F,,3000,300,1500,1500,0.455055267,,569,FALSE,FALSE,DENIED,FALSE,FALSE,
504615,11/20/25,11/1/25,90485,West,D,,1900,1480,1500,1500,0.20008947,,550,TRUE,FALSE,INACTIVE,FALSE,FALSE,
603155,11/20/25,11/1/25,75063,NorthEast,B,,1650,5000,5000,5000,0.03585745,,608,TRUE,FALSE,INACTIVE,FALSE,FALSE,
8618,11/20/25,11/1/25,90489,West,F,B,700,1650,1650,1650,0.190135658,0.082425721,561,TRUE,FALSE,COMPLETE,TRUE,TRUE,TRUE
827635,11/20/25,11/1/25,90489,West,F,,700,1880,1880,1880,0.176769853,,561,TRUE,FALSE,INACTIVE,FALSE,FALSE,
581553,11/20/25,11/1/25,85890,West,B,A,1799,4640,4640,4640,0.055120461,0.060403425,606,TRUE,FALSE,INACTIVE,TRUE,TRUE,FALSE
882203,11/20/25,11/1/25,75983,NorthEast,D,A,1650,3000,3000,3000,0.115602173,0.072849877,592,TRUE,FALSE,COMPLETE,TRUE,TRUE,TRUE
477805,11/21/25,11/1/25,73231,West,C,,850,3490,3490,3490,0.092225619,,539,TRUE,FALSE,INACTIVE,FALSE,FALSE,
618507,11/21/25,11/1/25,39553,West,F,,1800,300,1500,1500,0.355172336,,532,TRUE,FALSE,INACTIVE,FALSE,FALSE,
639001,11/22/25,11/1/25,73414,West,C,A,1900,4170,4170,4170,0.068638429,0.056335725,596,TRUE,FALSE,COMPLETE,TRUE,TRUE,TRUE
920720,11/22/25,11/1/25,78470,SouthEast,E,B,2300,1150,1500,1500,0.219871536,0.122641511,595,TRUE,FALSE,COMPLETE,TRUE,TRUE,TRUE
974664,11/22/25,11/1/25,37644,SouthEast,E,,2500,1160,1500,1500,0.219414055,,488,TRUE,FALSE,INACTIVE,FALSE,FALSE,
81169,11/22/25,11/1/25,75061,NorthEast,F,,2400,1190,1500,1500,0.21733509,,568,TRUE,FALSE,INACTIVE,FALSE,FALSE,
309222,11/22/25,11/1/25,75061,NorthEast,B,,1800,5000,5000,5000,0.033439975,,605,TRUE,FALSE,INACTIVE,FALSE,FALSE,
258832,11/22/25,11/1/25,77604,NorthEast,F,,2500,300,1500,1500,0.363367498,,524,TRUE,FALSE,INACTIVE,FALSE,FALSE,
699528,11/22/25,11/1/25,75061,NorthEast,E,,2400,1400,1500,1500,0.204802543,,568,TRUE,FALSE,INACTIVE,FALSE,FALSE,
882139,11/22/25,11/1/25,73414,West,A,,1500,5000,5000,5000,0.028023271,,597,TRUE,FALSE,INACTIVE,FALSE,FALSE,
37677,11/23/25,11/1/25,78652,West,C,C,3000,3130,3130,3130,0.109251834,0.150529504,592,TRUE,TRUE,COMPLETE,TRUE,TRUE,TRUE
368074,11/23/25,11/1/25,77604,NorthEast,F,,2500,540,1500,1500,0.27123332,,541,TRUE,FALSE,INACTIVE,FALSE,FALSE,
151634,11/23/25,11/1/25,78469,SouthEast,F,F,3000,300,1500,1500,0.338591069,0.352196246,469,TRUE,TRUE,COMPLETE,TRUE,TRUE,TRUE
289742,11/24/25,11/1/25,87502,NorthEast,B,,2500,4230,4230,4230,0.066933282,,596,TRUE,FALSE,INACTIVE,FALSE,FALSE,
729885,11/24/25,11/1/25,87502,NorthEast,C,,2500,3380,3380,3380,0.097144522,,596,TRUE,FALSE,INACTIVE,FALSE,FALSE,
485245,11/24/25,11/1/25,56437,SouthEast,F,F,2500,300,1500,1500,0.541226983,0.411720037,487,TRUE,FALSE,COMPLETE,TRUE,TRUE,TRUE
717544,11/24/25,11/1/25,87502,NorthEast,F,,2500,300,1500,1500,0.339792758,,,TRUE,FALSE,INACTIVE,FALSE,FALSE,
582645,11/24/25,11/1/25,87502,NorthEast,B,,2500,3650,3650,3650,0.08427763,,596,TRUE,FALSE,INACTIVE,FALSE,FALSE,
61205,11/24/25,11/1/25,69568,West,B,A,2500,4570,4570,4570,0.057139814,0.043279577,589,TRUE,FALSE,INACTIVE,TRUE,TRUE,FALSE
285558,11/26/25,11/1/25,39554,West,F,D,1800,610,1500,1500,0.264596432,0.227818891,551,TRUE,FALSE,COMPLETE,TRUE,TRUE,TRUE
889109,11/26/25,11/1/25,78470,SouthEast,F,,1755,780,1500,1500,0.248532221,,574,TRUE,FALSE,INACTIVE,FALSE,FALSE,
477034,11/26/25,11/1/25,55721,SouthWest,B,,2700,3590,3590,3590,0.087104797,,601,TRUE,FALSE,INACTIVE,FALSE,FALSE,
177409,11/28/25,11/1/25,37644,SouthEast,F,F,2600,300,1500,1500,0.316510737,0.277832836,530,TRUE,FALSE,COMPLETE,TRUE,TRUE,TRUE
875645,11/28/25,11/1/25,37641,MidWest,D,,1500,1160,1500,1500,0.219274238,,573,TRUE,FALSE,INACTIVE,FALSE,FALSE,
705872,11/28/25,11/1/25,37644,SouthEast,C,B,2600,3060,3060,3060,0.112718128,0.114310995,600,TRUE,FALSE,COMPLETE,TRUE,TRUE,TRUE
990426,11/28/25,11/1/25,55721,SouthWest,C,,3300,4220,4220,4220,0.067288212,,592,TRUE,FALSE,INACTIVE,FALSE,FALSE,
307528,11/29/25,11/1/25,37643,SouthEast,C,A,2429.9,3840,3840,3840,0.078111388,0.051452909,581,TRUE,FALSE,COMPLETE,TRUE,TRUE,TRUE
856436,11/29/25,11/1/25,78652,West,D,A,1600,2930,2930,2930,0.119223714,0.075334899,572,TRUE,FALSE,INACTIVE,TRUE,TRUE,TRUE
203942,11/29/25,11/1/25,63956,NorthEast,B,A,1900,3900,3900,3900,0.076399229,0.049341217,560,TRUE,FALSE,INACTIVE,TRUE,TRUE,FALSE
641076,11/29/25,11/1/25,68385,SouthWest,F,,1980,300,1500,1500,0.695910692,,446,FALSE,FALSE,DENIED,FALSE,FALSE,
561610,11/29/25,11/1/25,39555,West,C,A,1800,3370,3370,3370,0.098005354,0.055209383,590,TRUE,FALSE,COMPLETE,TRUE,TRUE,TRUE
625492,11/29/25,11/1/25,68385,SouthWest,F,,1980,300,1500,1500,0.715482712,,446,FALSE,FALSE,DENIED,FALSE,FALSE,
226196,11/29/25,11/1/25,54008,SouthEast,F,,2000,300,1500,1500,0.452415466,,537,FALSE,FALSE,DENIED,FALSE,FALSE,
240666,11/29/25,11/1/25,54008,SouthEast,B,A,2700,5000,5000,5000,0.025979899,0.043050874,603,TRUE,FALSE,COMPLETE,TRUE,TRUE,TRUE
805539,11/30/25,11/1/25,39554,West,E,E,2500,400,1500,1500,0.284623206,0.254182637,442,TRUE,TRUE,COMPLETE,TRUE,TRUE,TRUE
842709,11/30/25,11/1/25,49344,West,F,,2000,820,1500,1500,0.244541824,,488,TRUE,FALSE,PREQUALIFIED,FALSE,FALSE,
242034,11/30/25,11/1/25,79705,West,F,D,2000,300,1500,1500,0.458398849,0.226675317,568,TRUE,FALSE,COMPLETE,TRUE,TRUE,TRUE
515122,11/30/25,11/1/25,55721,SouthWest,F,,2500,990,1500,1500,0.229238823,,,TRUE,TRUE,INACTIVE,FALSE,FALSE,
442066,11/30/25,11/1/25,49344,West,D,,3000,2800,3000,3000,0.125202134,,570,TRUE,FALSE,PREQUALIFIED,FALSE,FALSE,
675673,11/30/25,11/1/25,49344,West,D,D,2000,1720,1720,1720,0.186197415,0.223815218,488,TRUE,FALSE,COMPLETE,TRUE,TRUE,TRUE
486585,12/1/25,12/1/25,73231,West,C,,20000,3350,3350,3350,0.098744363,,585,TRUE,FALSE,INACTIVE,FALSE,FALSE,
467519,12/1/25,12/1/25,78469,SouthEast,C,B,3000,2610,2610,2610,0.134198382,0.120645605,603,TRUE,FALSE,INACTIVE,TRUE,TRUE,FALSE
420127,12/2/25,12/1/25,49344,West,C,B,1800,3420,3420,3420,0.095493577,0.125975341,628,TRUE,FALSE,COMPLETE,TRUE,TRUE,TRUE
615241,12/2/25,12/1/25,87502,NorthEast,C,,2500,2850,2850,2850,0.122595072,,601,TRUE,FALSE,INACTIVE,FALSE,FALSE,
303289,12/2/25,12/1/25,39554,West,C,C,2000,2420,2420,2420,0.144614488,0.147689134,539,TRUE,FALSE,COMPLETE,TRUE,TRUE,TRUE
847947,12/2/25,12/1/25,49344,West,D,B,700,2240,2240,2240,0.15552628,0.083333634,540,TRUE,FALSE,COMPLETE,TRUE,TRUE,TRUE
758213,12/2/25,12/1/25,75983,NorthEast,E,E,2100,1460,1500,1500,0.201319739,0.24827075,,TRUE,FALSE,COMPLETE,TRUE,TRUE,TRUE
428174,12/2/25,12/1/25,75983,NorthEast,E,D,2100,1460,1500,1500,0.201319739,0.2277347,,TRUE,FALSE,COMPLETE,TRUE,TRUE,TRUE
77252,12/3/25,12/1/25,78470,SouthEast,D,,2300,1370,1500,1500,0.206794336,,579,TRUE,FALSE,INACTIVE,FALSE,FALSE,
998422,12/3/25,12/1/25,78467,NorthEast,E,C,1805,2040,2040,2040,0.167210177,0.165202156,547,TRUE,FALSE,INACTIVE,TRUE,TRUE,FALSE
702659,12/3/25,12/1/25,56437,SouthEast,F,F,2500,300,1500,1500,0.315873981,0.460076153,559,TRUE,TRUE,DENIED,TRUE,FALSE,
346449,12/3/25,12/1/25,85890,West,F,F,1599,720,1600,1600,0.254155368,0.268829077,523,TRUE,TRUE,COMPLETE,TRUE,TRUE,TRUE
620619,12/4/25,12/1/25,73231,West,C,,2000,2430,2430,2430,0.144099325,,549,TRUE,FALSE,INACTIVE,FALSE,FALSE,
813038,12/4/25,12/1/25,65790,West,C,B,2000,3560,3560,3560,0.088797331,0.084100001,586,TRUE,FALSE,INACTIVE,TRUE,TRUE,FALSE
328904,12/4/25,12/1/25,73231,West,C,,5000,3790,3790,3790,0.079427682,,611,TRUE,FALSE,INACTIVE,FALSE,FALSE,
190750,12/5/25,12/1/25,56437,SouthEast,C,B,2300,2030,2030,2030,0.167584449,0.132301852,543,TRUE,FALSE,COMPLETE,TRUE,TRUE,TRUE
580920,12/5/25,12/1/25,56437,SouthEast,C,,2500,2120,2120,2120,0.162470385,,498,TRUE,FALSE,INACTIVE,FALSE,FALSE,
39905,12/5/25,12/1/25,55721,SouthWest,E,,3500,1430,1500,1500,0.203159124,,,TRUE,FALSE,INACTIVE,FALSE,FALSE,
307233,12/5/25,12/1/25,56437,SouthEast,A,B,2500,4910,4910,4910,0.04761878,0.104498714,589,TRUE,FALSE,COMPLETE,TRUE,TRUE,TRUE
350970,12/5/25,12/1/25,55721,SouthWest,B,,3500,4490,4490,4490,0.059615798,,576,TRUE,FALSE,INACTIVE,FALSE,FALSE,
644851,12/6/25,12/1/25,69568,West,D,,1099,1990,1990,1990,0.170341685,,,TRUE,FALSE,INACTIVE,FALSE,FALSE,
476572,12/6/25,12/1/25,73708,NorthEast,C,,5000,1780,1780,1780,0.18278189,,548,TRUE,FALSE,INACTIVE,FALSE,FALSE,
242594,12/6/25,12/1/25,78470,SouthEast,C,,2300,2180,2300,2300,0.15861395,,,TRUE,FALSE,INACTIVE,FALSE,FALSE,
836019,12/6/25,12/1/25,71513,West,C,C,1300,3190,3190,3190,0.106582329,0.157781273,526,TRUE,FALSE,INACTIVE,TRUE,TRUE,FALSE
130941,12/7/25,12/1/25,69568,West,C,,1700,2790,2790,2790,0.125743404,,,TRUE,FALSE,INACTIVE,FALSE,FALSE,
295553,12/8/25,12/1/25,77604,NorthEast,F,,2800,900,1500,1500,0.23740685,,531,TRUE,FALSE,INACTIVE,FALSE,FALSE,
588157,12/8/25,12/1/25,49344,West,B,,1800,4970,4970,4970,0.045882907,,599,TRUE,FALSE,PREQUALIFIED,FALSE,FALSE,
954145,12/8/25,12/1/25,54008,SouthEast,F,F,2000,300,1500,1500,0.300995857,0.287051558,562,TRUE,TRUE,INACTIVE,TRUE,TRUE,TRUE
727934,12/8/25,12/1/25,75063,NorthEast,C,C,1650,2560,2560,2560,0.136602581,0.1938072,,TRUE,FALSE,COMPLETE,TRUE,TRUE,TRUE
886400,12/9/25,12/1/25,56437,SouthEast,C,,2000,1820,2000,2000,0.180135131,,546,TRUE,FALSE,INACTIVE,FALSE,FALSE,
21302,12/10/25,12/1/25,56437,SouthEast,F,,2000,300,1500,1500,0.460212559,,551,FALSE,FALSE,DENIED,FALSE,FALSE,
826104,12/11/25,12/1/25,54008,SouthEast,C,D,1800,2160,2160,2160,0.160298735,0.229732409,565,TRUE,FALSE,COMPLETE,TRUE,TRUE,TRUE
718913,12/12/25,12/1/25,37644,SouthEast,F,D,2600,300,1500,1500,0.297848344,0.216742367,584,TRUE,FALSE,COMPLETE,TRUE,TRUE,TRUE
544255,12/12/25,12/1/25,95737,NorthEast,C,,2500,3270,3270,3270,0.102761552,,601,TRUE,FALSE,INACTIVE,FALSE,FALSE,
91155,12/12/25,12/1/25,75983,NorthEast,F,,2305,300,1500,1500,0.391044796,,553,TRUE,FALSE,INACTIVE,FALSE,FALSE,
813690,12/12/25,12/1/25,95737,NorthEast,B,,1900,5000,5000,5000,0.033960596,,600,TRUE,FALSE,INACTIVE,FALSE,FALSE,
192243,12/13/25,12/1/25,56437,SouthEast,F,F,2000,300,1500,1500,0.339271754,0.29234755,527,TRUE,TRUE,COMPLETE,TRUE,TRUE,TRUE
681654,12/13/25,12/1/25,39555,West,F,,1800,300,1500,1500,0.401725888,,522,FALSE,FALSE,DENIED,FALSE,FALSE,
162979,12/13/25,12/1/25,78469,SouthEast,F,,1800,300,1500,1500,0.45546639,,483,FALSE,FALSE,DENIED,FALSE,FALSE,
978045,12/13/25,12/1/25,78469,SouthEast,F,F,1800,300,1500,1500,0.321518809,0.303118259,579,TRUE,TRUE,COMPLETE,TRUE,TRUE,TRUE
884887,12/13/25,12/1/25,68385,SouthWest,D,C,2800,1650,1650,1650,0.190364048,0.14339073,612,TRUE,FALSE,COMPLETE,TRUE,TRUE,TRUE
442462,12/14/25,12/1/25,75983,NorthEast,E,,1650,1160,1650,1650,0.219421223,,557,TRUE,FALSE,INACTIVE,FALSE,FALSE,
161803,12/14/25,12/1/25,49344,West,F,,1670.96,300,1500,1500,0.296266079,,522,TRUE,TRUE,PREQUALIFIED,FALSE,FALSE,
590004,12/14/25,12/1/25,39559,West,E,,1500,1640,1640,1640,0.190528423,,545,TRUE,FALSE,INACTIVE,FALSE,FALSE,
235495,12/14/25,12/1/25,78470,SouthEast,F,,2300,300,1500,1500,0.353904903,,554,TRUE,TRUE,INACTIVE,FALSE,FALSE,
749270,12/15/25,12/1/25,68385,SouthWest,C,A,2400,3190,3190,3190,0.106363535,0.049574889,622,TRUE,FALSE,COMPLETE,TRUE,TRUE,TRUE
312829,12/15/25,12/1/25,37644,SouthEast,F,B,2600,1180,1500,1500,0.218093798,0.129297554,562,TRUE,TRUE,INACTIVE,TRUE,TRUE,FALSE
591349,12/16/25,12/1/25,68385,SouthWest,B,B,1800,4940,4940,4940,0.046760559,0.082816228,593,TRUE,FALSE,COMPLETE,TRUE,TRUE,TRUE
183047,12/16/25,12/1/25,68385,SouthWest,A,,2200,5000,5000,5000,0.040267002,,599,TRUE,FALSE,INACTIVE,FALSE,FALSE,
142613,12/16/25,12/1/25,75063,NorthEast,B,,1800,3440,3440,3440,0.094485395,,588,TRUE,FALSE,INACTIVE,FALSE,FALSE,
370092,12/16/25,12/1/25,54008,SouthEast,A,,2000,5000,5000,5000,0.034378137,,599,TRUE,FALSE,INACTIVE,FALSE,FALSE,
662855,12/17/25,12/1/25,37641,MidWest,C,D,1500,2320,2320,2320,0.150482967,0.217056245,528,TRUE,FALSE,COMPLETE,TRUE,TRUE,TRUE
613070,12/18/25,12/1/25,56437,SouthEast,B,,2500,3780,3780,3780,0.079722062,,588,TRUE,FALSE,INACTIVE,FALSE,FALSE,
120181,12/18/25,12/1/25,56437,SouthEast,B,,2500,3440,3440,3440,0.094549701,,580,TRUE,FALSE,INACTIVE,FALSE,FALSE,
306639,12/18/25,12/1/25,56437,SouthEast,A,,2500,4730,4730,4730,0.05255219,,563,TRUE,FALSE,INACTIVE,FALSE,FALSE,
60285,12/19/25,12/1/25,56437,SouthEast,F,,1650,300,1650,1650,0.464417309,,590,FALSE,FALSE,DENIED,FALSE,FALSE,
905673,12/19/25,12/1/25,39554,West,F,F,2000,300,1500,1500,0.343824148,0.485264361,567,TRUE,TRUE,DENIED,TRUE,FALSE,
557862,12/19/25,12/1/25,56437,SouthEast,F,,1650,300,1650,1650,0.470586002,,590,FALSE,FALSE,DENIED,FALSE,FALSE,
441289,12/19/25,12/1/25,39555,West,A,,1800,5000,5000,5000,0.033588227,,602,TRUE,FALSE,INACTIVE,FALSE,FALSE,
376028,12/19/25,12/1/25,51515,MidWest,E,,1500,940,1500,1500,0.233237252,,556,TRUE,FALSE,INACTIVE,FALSE,FALSE,
143883,12/20/25,12/1/25,78470,SouthEast,A,A,2000,5000,5000,5000,0.043703228,0.026885873,597,TRUE,FALSE,COMPLETE,TRUE,TRUE,TRUE
763794,12/20/25,12/1/25,79705,West,C,,2500,2780,2780,2780,0.126003176,,609,TRUE,FALSE,INACTIVE,FALSE,FALSE,
585163,12/20/25,12/1/25,68385,SouthWest,C,B,1000,3030,3030,3030,0.114288487,0.089270093,576,TRUE,FALSE,COMPLETE,TRUE,TRUE,TRUE
228102,12/21/25,12/1/25,49344,West,D,D,1850,2120,2120,2120,0.162424907,0.215877369,,TRUE,FALSE,INACTIVE,TRUE,TRUE,FALSE
115178,12/21/25,12/1/25,49344,West,E,C,2200,1600,1600,1600,0.193085432,0.17683886,560,TRUE,FALSE,COMPLETE,TRUE,TRUE,TRUE
620274,12/21/25,12/1/25,78469,SouthEast,F,,1800,300,1500,1500,0.366910607,,531,FALSE,FALSE,DENIED,FALSE,FALSE,
779113,12/21/25,12/1/25,73708,NorthEast,B,,2500,5000,5000,5000,0.033589255,,590,TRUE,FALSE,INACTIVE,FALSE,FALSE,
754774,12/21/25,12/1/25,69568,West,E,,1097.65,1830,1830,1830,0.179613382,,565,TRUE,FALSE,INACTIVE,FALSE,FALSE,
3818,12/22/25,12/1/25,37641,MidWest,A,,1600,5000,5000,5000,0.028217651,,608,TRUE,FALSE,INACTIVE,FALSE,FALSE,
764531,12/22/25,12/1/25,75062,NorthEast,F,,2100,730,1500,1500,0.253411114,,523,TRUE,FALSE,INACTIVE,FALSE,FALSE,
536883,12/22/25,12/1/25,54008,SouthEast,C,C,2199,2320,2320,2320,0.150646001,0.18497096,,TRUE,FALSE,INACTIVE,TRUE,TRUE,FALSE
250694,12/22/25,12/1/25,78467,NorthEast,D,,2000,930,1500,1500,0.234441414,,458,TRUE,FALSE,INACTIVE,FALSE,FALSE,
892366,12/22/25,12/1/25,39556,West,F,,2200,300,1500,1500,0.559085488,,511,FALSE,FALSE,DENIED,FALSE,FALSE,
435253,12/22/25,12/1/25,37643,SouthEast,F,,1970,300,1500,1500,0.42590487,,527,FALSE,FALSE,DENIED,FALSE,FALSE,
101173,12/23/25,12/1/25,78469,SouthEast,F,,2300,300,1500,1500,0.347391933,,450,TRUE,TRUE,INACTIVE,FALSE,FALSE,
371630,12/23/25,12/1/25,54008,SouthEast,E,,1900,590,1500,1500,0.266390324,,546,TRUE,FALSE,INACTIVE,FALSE,FALSE,
981338,12/23/25,12/1/25,75062,NorthEast,F,,2100,2180,2180,2180,0.158668905,,597,TRUE,FALSE,INACTIVE,FALSE,FALSE,
474737,12/24/25,12/1/25,85890,West,C,B,489,3320,3320,3320,0.100169286,0.10680107,526,TRUE,FALSE,INACTIVE,TRUE,TRUE,FALSE
376743,12/24/25,12/1/25,39559,West,F,,2000,660,1500,1500,0.25990501,,446,TRUE,TRUE,INACTIVE,FALSE,FALSE,
558177,12/24/25,12/1/25,39554,West,E,D,1800,460,1500,1500,0.279064298,0.202519506,560,TRUE,TRUE,COMPLETE,TRUE,TRUE,TRUE
924707,12/24/25,12/1/25,77604,NorthEast,B,,1800,4820,4820,4820,0.050029192,,584,TRUE,FALSE,INACTIVE,FALSE,FALSE,
292666,12/24/25,12/1/25,39554,West,D,,1483,2000,2000,2000,0.169779688,,494,TRUE,FALSE,INACTIVE,FALSE,FALSE,
312837,12/24/25,12/1/25,79705,West,A,,2500,5000,5000,5000,0.044037368,,611,TRUE,FALSE,INACTIVE,FALSE,FALSE,
5349,12/26/25,12/1/25,78467,NorthEast,F,D,2100,530,1500,1500,0.272538304,0.225993991,554,TRUE,FALSE,INACTIVE,TRUE,TRUE,FALSE
737093,12/26/25,12/1/25,68385,SouthWest,C,,2000,3040,3040,3040,0.113848329,,577,TRUE,FALSE,INACTIVE,FALSE,FALSE,
338009,12/26/25,12/1/25,56437,SouthEast,A,A,2150,5000,5000,5000,0.031016253,0.018711645,607,TRUE,FALSE,COMPLETE,TRUE,TRUE,TRUE
549818,12/26/25,12/1/25,71513,West,D,,1800,2000,2000,2000,0.169268757,,,TRUE,TRUE,INACTIVE,FALSE,FALSE,
698832,12/26/25,12/1/25,56437,SouthEast,B,,2500,4310,4310,4310,0.064737223,,550,TRUE,FALSE,INACTIVE,FALSE,FALSE,
47459,12/27/25,12/1/25,65790,West,B,,3000,5000,5000,5000,0.043962844,,576,TRUE,FALSE,INACTIVE,FALSE,FALSE,
624090,12/27/25,12/1/25,65790,West,B,,2000,5000,5000,5000,0.043504748,,576,TRUE,FALSE,INACTIVE,FALSE,FALSE,
435933,12/27/25,12/1/25,77604,NorthEast,C,,1800,3300,3300,3300,0.100974418,,579,TRUE,FALSE,INACTIVE,FALSE,FALSE,
121784,12/27/25,12/1/25,37643,SouthEast,D,B,2784,1820,1820,1820,0.180253521,0.109211661,580,TRUE,FALSE,COMPLETE,TRUE,TRUE,TRUE
455267,12/27/25,12/1/25,78469,SouthEast,B,,2000,3310,3310,3310,0.100662351,,543,TRUE,FALSE,INACTIVE,FALSE,FALSE,
276667,12/27/25,12/1/25,39554,West,E,E,2500,780,1500,1500,0.248690873,0.234062299,459,TRUE,TRUE,COMPLETE,TRUE,TRUE,TRUE
363447,12/28/25,12/1/25,79705,West,C,,2500,2810,2810,2810,0.124844112,,555,TRUE,FALSE,INACTIVE,FALSE,FALSE,
931099,12/28/25,12/1/25,37643,SouthEast,F,,1350,300,1500,1500,0.535894215,,497,FALSE,FALSE,DENIED,FALSE,FALSE,
498142,12/29/25,12/1/25,37643,SouthEast,D,,525,1800,1800,1800,0.18126297,,498,TRUE,TRUE,INACTIVE,FALSE,FALSE,
448769,12/29/25,12/1/25,49344,West,B,,4500,5000,5000,5000,0.034656625,,606,TRUE,FALSE,PREQUALIFIED,FALSE,FALSE,
717247,12/29/25,12/1/25,37648,SouthWest,D,,2500,1540,1540,1540,0.196481451,,,TRUE,FALSE,INACTIVE,FALSE,FALSE,
385980,12/29/25,12/1/25,37643,SouthEast,C,C,450,1630,1630,1630,0.191449612,0.150343642,,TRUE,FALSE,COMPLETE,TRUE,TRUE,TRUE
591608,12/29/25,12/1/25,75063,NorthEast,A,A,2250,5000,5000,5000,0.023975717,0.02405067,611,TRUE,FALSE,COMPLETE,TRUE,TRUE,TRUE
898152,12/30/25,12/1/25,85890,West,B,A,1599,4070,4070,4070,0.071460932,0.057476845,619,TRUE,FALSE,COMPLETE,TRUE,TRUE,TRUE
782104,12/30/25,12/1/25,37648,SouthWest,C,D,2500,3010,3010,3010,0.115135856,0.20197773,591,TRUE,FALSE,COMPLETE,TRUE,TRUE,TRUE
679852,12/30/25,12/1/25,75063,NorthEast,D,,1900,1550,1550,1550,0.196058333,,,TRUE,FALSE,INACTIVE,FALSE,FALSE,
930433,12/31/25,12/1/25,65790,West,F,,3000,300,1500,1500,0.422524482,,541,FALSE,FALSE,DENIED,FALSE,FALSE,
276456,12/31/25,12/1/25,56437,SouthEast,B,,2500,4220,4220,4220,0.067250885,,588,TRUE,FALSE,INACTIVE,FALSE,FALSE,
923261,12/31/25,12/1/25,75062,NorthEast,D,,2250,1720,1720,1720,0.18605575,,564,TRUE,FALSE,COMPLETE,TRUE,TRUE,TRUE
264967,1/2/26,1/1/26,87502,NorthEast,E,E,2070,1410,1500,1500,0.204110444,0.239786103,,TRUE,FALSE,COMPLETE,TRUE,TRUE,TRUE
744793,1/2/26,1/1/26,56437,SouthEast,F,,2500,300,1500,1500,0.393319875,,552,FALSE,FALSE,DENIED,FALSE,FALSE,
496888,1/2/26,1/1/26,54008,SouthEast,F,,2000,300,1500,1500,0.454928309,,524,FALSE,FALSE,DENIED,FALSE,FALSE,
823841,1/2/26,1/1/26,63956,NorthEast,D,,2025,1850,2030,2030,0.178372905,,,TRUE,FALSE,INACTIVE,FALSE,FALSE,
133920,1/2/26,1/1/26,39555,West,B,A,3000,4500,4500,4500,0.059228584,0.049987491,623,TRUE,FALSE,COMPLETE,TRUE,TRUE,TRUE
462539,1/2/26,1/1/26,68385,SouthWest,C,B,2500,2260,2260,2260,0.154365003,0.139897645,573,TRUE,FALSE,COMPLETE,TRUE,TRUE,TRUE
781260,1/2/26,1/1/26,39559,West,F,F,2000,300,1500,1500,0.309801728,0.366969228,529,TRUE,TRUE,COMPLETE,TRUE,TRUE,TRUE
944887,1/2/26,1/1/26,37648,SouthWest,F,F,3000,300,1500,1500,0.366742104,0.399878263,502,TRUE,FALSE,COMPLETE,TRUE,TRUE,TRUE
449520,1/2/26,1/1/26,39559,West,F,F,2000,300,1500,1500,0.309801728,0.407137752,529,TRUE,TRUE,COMPLETE,TRUE,TRUE,TRUE
399079,1/2/26,1/1/26,65790,West,B,,4800,4250,4250,4250,0.066435382,,578,TRUE,FALSE,INACTIVE,FALSE,FALSE,
950800,1/2/26,1/1/26,56437,SouthEast,B,A,2500,3520,3520,3520,0.090795137,0.062841676,569,TRUE,FALSE,COMPLETE,TRUE,TRUE,TRUE
277846,1/2/26,1/1/26,68385,SouthWest,C,,2800,3580,3580,3580,0.087950088,,584,TRUE,FALSE,INACTIVE,FALSE,FALSE,
633715,1/3/26,1/1/26,78470,SouthEast,B,B,2100,3150,3150,3150,0.108310618,0.088812321,639,TRUE,FALSE,COMPLETE,TRUE,TRUE,TRUE
668237,1/3/26,1/1/26,54008,SouthEast,F,,1900,490,1500,1500,0.275931507,,490,TRUE,TRUE,INACTIVE,FALSE,FALSE,
724959,1/3/26,1/1/26,56437,SouthEast,E,C,2500,1030,1500,1500,0.226582512,0.163221225,537,TRUE,FALSE,COMPLETE,TRUE,TRUE,TRUE
856890,1/3/26,1/1/26,73231,West,F,,2500,300,1500,1500,0.528802633,,542,FALSE,FALSE,DENIED,FALSE,FALSE,
453158,1/3/26,1/1/26,56437,SouthEast,A,,3200,5000,5000,5000,0.029714111,,608,TRUE,FALSE,INACTIVE,FALSE,FALSE,
907856,1/4/26,1/1/26,71513,West,F,D,1800,300,1500,1500,0.321899891,0.213383868,561,TRUE,TRUE,COMPLETE,TRUE,TRUE,TRUE
520595,1/4/26,1/1/26,39554,West,B,,3000,4740,4740,4740,0.052284006,,596,TRUE,FALSE,COMPLETE,TRUE,TRUE,TRUE
290827,1/4/26,1/1/26,49344,West,C,B,2000,2750,2750,2750,0.127641186,0.083991617,582,TRUE,FALSE,COMPLETE,TRUE,TRUE,TRUE
151087,1/4/26,1/1/26,73708,NorthEast,F,,2500,1030,1500,1500,0.226816311,,584,TRUE,FALSE,INACTIVE,FALSE,FALSE,
212093,1/4/26,1/1/26,78470,SouthEast,B,,2050,5000,5000,5000,0.044595629,,600,TRUE,FALSE,INACTIVE,FALSE,FALSE,
760001,1/5/26,1/1/26,78467,NorthEast,B,A,2500,3720,3720,3720,0.081521317,0.034129668,610,TRUE,FALSE,COMPLETE,TRUE,TRUE,TRUE
503178,1/5/26,1/1/26,78470,SouthEast,F,,2500,300,1500,1500,0.415356547,,477,FALSE,FALSE,DENIED,FALSE,FALSE,
59161,1/5/26,1/1/26,49344,West,C,,1900,2760,2760,2760,0.12722224,,567,TRUE,FALSE,PREQUALIFIED,FALSE,FALSE,
133657,1/5/26,1/1/26,37641,MidWest,B,,1500,3840,3840,3840,0.078014538,,591,TRUE,FALSE,INACTIVE,FALSE,FALSE,
714872,1/6/26,1/1/26,78469,SouthEast,F,,2200,300,1500,1500,0.315785676,,558,TRUE,FALSE,INACTIVE,FALSE,FALSE,
805307,1/6/26,1/1/26,37648,SouthWest,F,,2500,300,1500,1500,0.544961691,,524,FALSE,FALSE,DENIED,FALSE,FALSE,
407231,1/6/26,1/1/26,68385,SouthWest,D,,1980,2010,2010,2010,0.168790117,,574,TRUE,FALSE,INACTIVE,FALSE,FALSE,
415929,1/6/26,1/1/26,78652,West,D,,2700,2730,2730,2730,0.12856479,,573,TRUE,FALSE,INACTIVE,FALSE,FALSE,
621244,1/6/26,1/1/26,37648,SouthWest,F,D,2000,1400,1500,1500,0.204865649,0.216246486,577,TRUE,TRUE,COMPLETE,TRUE,TRUE,TRUE
274702,1/6/26,1/1/26,37644,SouthEast,F,F,3000,900,1500,1500,0.236622453,0.38079536,555,TRUE,FALSE,DENIED,TRUE,FALSE,
97938,1/7/26,1/1/26,77604,NorthEast,C,,1900,2240,2240,2240,0.155171543,,605,TRUE,FALSE,DENIED,TRUE,FALSE,
696388,1/8/26,1/1/26,37648,SouthWest,B,,3000,4450,4450,4450,0.060648002,,583,TRUE,FALSE,INACTIVE,FALSE,FALSE,
165966,1/8/26,1/1/26,49344,West,C,A,2200,2990,2990,2990,0.116226129,0.051312402,561,TRUE,FALSE,COMPLETE,TRUE,TRUE,TRUE
403143,1/9/26,1/1/26,56437,SouthEast,B,,2400,4590,4590,4590,0.056648184,,594,TRUE,FALSE,INACTIVE,FALSE,FALSE,
56318,1/9/26,1/1/26,56437,SouthEast,A,A,2100,5000,5000,5000,0.024566241,0.038018797,593,TRUE,FALSE,INACTIVE,TRUE,TRUE,FALSE
395958,1/9/26,1/1/26,73414,West,D,,1500,1980,1980,1980,0.170679107,,,TRUE,FALSE,INACTIVE,FALSE,FALSE,
713655,1/9/26,1/1/26,65790,West,F,,3000,300,1500,1500,0.309733093,,449,TRUE,FALSE,INACTIVE,FALSE,FALSE,
718776,1/9/26,1/1/26,68385,SouthWest,F,,1850,620,1500,1500,0.263358414,,558,TRUE,TRUE,INACTIVE,FALSE,FALSE,
986491,1/9/26,1/1/26,54008,SouthEast,F,F,1700,300,1500,1500,0.357191801,0.36069718,518,TRUE,FALSE,COMPLETE,TRUE,TRUE,TRUE
258416,1/9/26,1/1/26,49344,West,B,,1670.96,4600,4600,4600,0.056466442,,627,TRUE,FALSE,PREQUALIFIED,FALSE,FALSE,
922646,1/9/26,1/1/26,73414,West,B,,1500,3810,3810,3810,0.078921929,,585,TRUE,FALSE,INACTIVE,FALSE,FALSE,
611208,1/10/26,1/1/26,73414,West,B,,4000,3820,4000,4000,0.07857196,,585,TRUE,FALSE,INACTIVE,FALSE,FALSE,
335070,1/10/26,1/1/26,49344,West,F,E,1670.96,1530,1680,1680,0.197572514,0.246039018,583,TRUE,FALSE,COMPLETE,TRUE,TRUE,TRUE
307917,1/10/26,1/1/26,68385,SouthWest,C,A,1500,3350,3350,3350,0.098574333,0.064104661,563,TRUE,FALSE,COMPLETE,TRUE,TRUE,TRUE
241764,1/10/26,1/1/26,37644,SouthEast,F,,3800,300,1500,1500,0.359467089,,554,FALSE,FALSE,DENIED,FALSE,FALSE,
161017,1/10/26,1/1/26,54008,SouthEast,B,B,2100,2510,2510,2510,0.139349565,0.105201617,548,TRUE,FALSE,COMPLETE,TRUE,TRUE,TRUE
418171,1/10/26,1/1/26,56437,SouthEast,A,,2500,5000,5000,5000,0.042788692,,599,TRUE,FALSE,INACTIVE,FALSE,FALSE,
459198,1/10/26,1/1/26,54008,SouthEast,B,B,1899,2900,2900,2900,0.120361701,0.129256159,544,TRUE,FALSE,COMPLETE,TRUE,TRUE,TRUE
728183,1/10/26,1/1/26,56437,SouthEast,B,A,2500,3650,3650,3650,0.084502466,0.043195847,568,TRUE,FALSE,COMPLETE,TRUE,TRUE,TRUE
602946,1/10/26,1/1/26,73414,West,B,A,1300,3450,3450,3450,0.09395282,0.070388533,604,TRUE,FALSE,COMPLETE,TRUE,TRUE,TRUE
338960,1/10/26,1/1/26,71513,West,D,C,2200,2090,2200,2200,0.163968608,0.169188112,,TRUE,FALSE,COMPLETE,TRUE,TRUE,TRUE
816626,1/11/26,1/1/26,39559,West,C,B,2500,2270,2270,2270,0.153705776,0.096267879,595,TRUE,FALSE,COMPLETE,TRUE,TRUE,TRUE
901975,1/11/26,1/1/26,51515,MidWest,A,,2300,5000,5000,5000,0.020736229,,618,TRUE,FALSE,INACTIVE,FALSE,FALSE,
92050,1/11/26,1/1/26,71513,West,A,,1200,5000,5000,5000,0.030211994,,609,TRUE,FALSE,INACTIVE,FALSE,FALSE,
377521,1/11/26,1/1/26,37643,SouthEast,F,F,2682,300,1500,1500,0.398586482,0.461773813,523,TRUE,FALSE,DENIED,TRUE,FALSE,
521416,1/11/26,1/1/26,37643,SouthEast,F,,2682,300,1500,1500,0.424948275,,523,FALSE,FALSE,DENIED,FALSE,FALSE,
95416,1/11/26,1/1/26,79705,West,A,,2000,5000,5000,5000,0.024078134,,604,TRUE,FALSE,INACTIVE,FALSE,FALSE,
226594,1/11/26,1/1/26,79705,West,C,,2000,2240,2240,2240,0.155327231,,583,TRUE,FALSE,INACTIVE,FALSE,FALSE,
267701,1/12/26,1/1/26,73414,West,C,,1500,2610,2610,2610,0.134499684,,,TRUE,FALSE,INACTIVE,FALSE,FALSE,
963084,1/12/26,1/1/26,73231,West,B,,2500,5000,5000,5000,0.036571324,,550,TRUE,FALSE,INACTIVE,FALSE,FALSE,
623205,1/12/26,1/1/26,79705,West,D,,3000,1730,1730,1730,0.185450375,,,TRUE,FALSE,INACTIVE,FALSE,FALSE,
446825,1/13/26,1/1/26,78470,SouthEast,F,,2402.15,300,1500,1500,0.363865167,,464,TRUE,TRUE,INACTIVE,FALSE,FALSE,
567641,1/13/26,1/1/26,69568,West,B,,1800,4740,4740,4740,0.052471124,,603,TRUE,FALSE,INACTIVE,FALSE,FALSE,
391710,1/13/26,1/1/26,37648,SouthWest,D,,2200,2890,2890,2890,0.121044166,,582,TRUE,FALSE,INACTIVE,FALSE,FALSE,
126221,1/13/26,1/1/26,54008,SouthEast,A,,2199,4930,4930,4930,0.047094598,,606,TRUE,FALSE,INACTIVE,FALSE,FALSE,
442417,1/13/26,1/1/26,39556,West,A,A,2000,5000,5000,5000,0.0313542,0.022785526,612,TRUE,FALSE,COMPLETE,TRUE,TRUE,TRUE
559837,1/13/26,1/1/26,51515,MidWest,B,,2300,4490,4490,4490,0.059553675,,578,TRUE,FALSE,INACTIVE,FALSE,FALSE,
69138,1/13/26,1/1/26,37643,SouthEast,E,,1029.9,300,1500,1500,0.310860813,,556,TRUE,TRUE,INACTIVE,FALSE,FALSE,
807354,1/14/26,1/1/26,37648,SouthWest,C,,2800,4880,4880,4880,0.04829663,,592,TRUE,FALSE,INACTIVE,FALSE,FALSE,
365375,1/14/26,1/1/26,75983,NorthEast,C,A,2250,3060,3060,3060,0.11262729,0.063880637,613,TRUE,FALSE,INACTIVE,TRUE,TRUE,FALSE
924981,1/14/26,1/1/26,54008,SouthEast,D,,1599,820,1600,1600,0.244394287,,,TRUE,FALSE,INACTIVE,FALSE,FALSE,
711463,1/27/26,1/1/26,56437,SouthEast,F,F,2500,300,1500,1500,0.319829613,0.342937291,539,TRUE,TRUE,INACTIVE,TRUE,TRUE,FALSE
334100,1/27/26,1/1/26,39554,West,E,B,2000,970,1500,1500,0.230461195,0.133980393,531,TRUE,FALSE,COMPLETE,TRUE,TRUE,TRUE
558112,1/27/26,1/1/26,37643,SouthEast,F,F,1700,300,1500,1500,0.346991807,0.277726918,550,TRUE,TRUE,COMPLETE,TRUE,TRUE,TRUE
55598,1/28/26,1/1/26,69568,West,F,,1800,300,1500,1500,0.509449244,,471,FALSE,FALSE,DENIED,FALSE,FALSE,
305457,1/29/26,1/1/26,71513,West,F,F,2600,300,1500,1500,0.366967529,0.274277031,577,TRUE,FALSE,COMPLETE,TRUE,TRUE,TRUE
19023,1/29/26,1/1/26,71513,West,F,,2500,740,1500,1500,0.252187997,,548,TRUE,FALSE,INACTIVE,FALSE,FALSE,
80792,1/30/26,1/1/26,51515,MidWest,F,B,2300,990,1500,1500,0.229071349,0.113756731,586,TRUE,TRUE,COMPLETE,TRUE,TRUE,TRUE
826173,1/31/26,1/1/26,73708,NorthEast,C,A,3000,4060,4060,4060,0.071852781,0.070612028,567,TRUE,FALSE,COMPLETE,TRUE,TRUE,TRUE
504803,2/1/26,2/1/26,37647,SouthEast,F,E,1710.93,920,920,920,0.235377148,0.258079469,544,TRUE,FALSE,COMPLETE,TRUE,TRUE,TRUE
347790,2/1/26,2/1/26,51515,MidWest,B,,2300,4080,4080,4080,0.071069218,,565,TRUE,FALSE,INACTIVE,FALSE,FALSE,
754755,2/1/26,2/1/26,91050,NorthEast,E,,2060,830,1500,1500,0.243596822,,577,TRUE,FALSE,INACTIVE,FALSE,FALSE,
46591,2/1/26,2/1/26,78467,NorthEast,F,,22450,300,1500,1500,0.310568571,,525,TRUE,TRUE,INACTIVE,FALSE,FALSE,
591832,2/2/26,2/1/26,37644,SouthEast,D,,2500,1690,1690,1690,0.188137203,,,TRUE,FALSE,INACTIVE,FALSE,FALSE,
957895,2/3/26,2/1/26,37647,SouthEast,B,,2352.93,3710,3710,3710,0.081739664,,618,TRUE,FALSE,COMPLETE,TRUE,TRUE,TRUE
538692,2/4/26,2/1/26,56437,SouthEast,F,F,2200,650,1500,1500,0.261228889,0.319799095,486,TRUE,FALSE,INACTIVE,TRUE,TRUE,FALSE
286789,2/4/26,2/1/26,39553,West,F,,2500,300,1500,1500,0.50242734,,567,FALSE,FALSE,DENIED,FALSE,FALSE,
267127,2/5/26,2/1/26,68385,SouthWest,D,B,2500,2490,2500,2500,0.140459016,0.108528234,570,TRUE,FALSE,COMPLETE,TRUE,TRUE,TRUE
178695,2/5/26,2/1/26,56438,SouthEast,F,,3000,300,300,300,0.433206916,,498,FALSE,FALSE,DENIED,FALSE,FALSE,
177983,2/5/26,2/1/26,51515,MidWest,F,,2300,300,1500,1500,0.575909734,,506,FALSE,FALSE,DENIED,FALSE,FALSE,
284297,2/6/26,2/1/26,75062,NorthEast,F,F,2055,650,1500,1500,0.260642439,0.274588734,488,TRUE,FALSE,INACTIVE,TRUE,FALSE,
997517,2/6/26,2/1/26,37644,SouthEast,C,A,1600,3380,3380,3380,0.097478263,0.073892832,599,TRUE,FALSE,COMPLETE,TRUE,TRUE,TRUE
23006,2/6/26,2/1/26,78467,NorthEast,F,,2500,1160,1500,1500,0.218914732,,,TRUE,FALSE,INACTIVE,FALSE,FALSE,
740574,2/6/26,2/1/26,37647,SouthEast,F,D,2700,2500,2700,2700,0.139896065,0.196787447,577,TRUE,FALSE,COMPLETE,TRUE,TRUE,TRUE
83467,2/7/26,2/1/26,78469,SouthEast,E,D,2500,2750,2750,2750,0.127493575,0.19844,572,TRUE,FALSE,COMPLETE,TRUE,TRUE,TRUE
360384,2/7/26,2/1/26,73708,NorthEast,F,,2500,1110,1500,1500,0.222231373,,550,TRUE,FALSE,INACTIVE,FALSE,FALSE,
582624,2/7/26,2/1/26,73708,NorthEast,F,C,2500,1110,1500,1500,0.222231373,0.151511699,550,TRUE,FALSE,INACTIVE,TRUE,TRUE,FALSE
745938,2/7/26,2/1/26,56437,SouthEast,D,,2500,1800,1800,1800,0.181594864,,,TRUE,FALSE,INACTIVE,FALSE,FALSE,
637972,2/7/26,2/1/26,56437,SouthEast,B,,2500,5000,5000,5000,0.026825992,,594,TRUE,FALSE,INACTIVE,FALSE,FALSE,
890179,2/8/26,2/1/26,39559,West,C,,1500,1480,1500,1500,0.200053081,,,TRUE,FALSE,INACTIVE,FALSE,FALSE,
19774,2/8/26,2/1/26,75983,NorthEast,C,,2250,1980,1980,1980,0.170935825,,,TRUE,FALSE,INACTIVE,FALSE,FALSE,
358835,2/9/26,2/1/26,56437,SouthEast,C,,1750,1300,1500,1500,0.210712433,,,TRUE,FALSE,INACTIVE,FALSE,FALSE,
745348,2/9/26,2/1/26,91049,SouthEast,F,F,2500,2270,2270,2270,0.153774485,0.289855361,578,TRUE,TRUE,COMPLETE,TRUE,TRUE,TRUE
533093,2/9/26,2/1/26,78469,SouthEast,F,D,5000,1340,1500,1500,0.208284631,0.199118778,542,TRUE,FALSE,COMPLETE,TRUE,TRUE,TRUE
583261,2/9/26,2/1/26,56437,SouthEast,F,E,2500,1310,1500,1500,0.210528448,0.23429659,,TRUE,FALSE,COMPLETE,TRUE,TRUE,TRUE
200218,2/10/26,2/1/26,56437,SouthEast,F,E,2500,1850,1850,1850,0.178161561,0.245361701,551,TRUE,FALSE,COMPLETE,TRUE,TRUE,TRUE
360091,2/10/26,2/1/26,54008,SouthEast,D,,400,2140,2140,2140,0.161034018,,,TRUE,FALSE,INACTIVE,FALSE,FALSE,
916113,2/10/26,2/1/26,37647,SouthEast,F,,2500,1040,1040,1040,0.226006806,,562,FALSE,FALSE,DENIED,FALSE,FALSE,
848731,2/10/26,2/1/26,37647,SouthEast,C,B,2100,3860,3860,3860,0.07750386,0.096615151,586,TRUE,FALSE,COMPLETE,TRUE,TRUE,TRUE
71680,2/10/26,2/1/26,56437,SouthEast,D,,2199.99,1730,1730,1730,0.185232148,,556,TRUE,FALSE,INACTIVE,FALSE,FALSE,
214967,2/11/26,2/1/26,91050,NorthEast,F,,1900,1310,1500,1500,0.21036379,,562,TRUE,FALSE,INACTIVE,FALSE,FALSE,
122085,2/11/26,2/1/26,54008,SouthEast,F,,2000,770,1500,1500,0.249491543,,542,TRUE,TRUE,INACTIVE,FALSE,FALSE,
588522,2/12/26,2/1/26,56437,SouthEast,F,E,2199.99,1340,1500,1500,0.20844388,0.255628943,562,TRUE,FALSE,COMPLETE,TRUE,TRUE,TRUE
948201,2/12/26,2/1/26,56437,SouthEast,D,B,2150,4310,4310,4310,0.064776324,0.112202249,616,TRUE,FALSE,COMPLETE,TRUE,TRUE,TRUE
853831,2/13/26,2/1/26,39554,West,F,E,2000,300,1500,1500,0.309663147,0.242259592,563,TRUE,TRUE,COMPLETE,TRUE,TRUE,TRUE
333185,2/13/26,2/1/26,37647,SouthEast,F,,2352.93,300,300,300,0.685383141,,550,FALSE,FALSE,DENIED,FALSE,FALSE,
124047,2/13/26,2/1/26,37647,SouthEast,F,D,2352.93,450,450,450,0.280043662,0.199651673,578,TRUE,TRUE,COMPLETE,TRUE,TRUE,TRUE
21921,2/14/26,2/1/26,75983,NorthEast,C,,2655,3700,3700,3700,0.081936613,,605,TRUE,FALSE,INACTIVE,FALSE,FALSE,
198151,2/15/26,2/1/26,37644,SouthEast,F,F,2700,300,1500,1500,0.328071117,0.360108018,522,TRUE,TRUE,DENIED,TRUE,FALSE,
170720,2/17/26,2/1/26,79705,West,C,,2500,3400,3400,3400,0.096210606,,561,TRUE,FALSE,COMPLETE,TRUE,TRUE,TRUE
850933,2/17/26,2/1/26,85890,West,D,C,1698,2450,2450,2450,0.142722234,0.182676196,595,TRUE,TRUE,COMPLETE,TRUE,TRUE,TRUE
51489,2/17/26,2/1/26,37643,SouthEast,F,,2000,800,1500,1500,0.246776223,,564,TRUE,FALSE,INACTIVE,FALSE,FALSE,
979619,2/17/26,2/1/26,75983,NorthEast,D,B,2600,3900,3900,3900,0.076243773,0.07797987,580,TRUE,FALSE,COMPLETE,TRUE,TRUE,TRUE
224024,2/19/26,2/1/26,37647,SouthEast,F,,2400,300,300,300,0.440251797,,542,FALSE,FALSE,DENIED,FALSE,FALSE,
485426,2/19/26,2/1/26,56437,SouthEast,F,F,550,300,1500,1500,0.443163812,0.33637172,504,TRUE,FALSE,COMPLETE,TRUE,TRUE,TRUE
310452,2/19/26,2/1/26,56437,SouthEast,D,E,2500,1970,1970,1970,0.171560407,0.255453467,612,TRUE,FALSE,COMPLETE,TRUE,TRUE,TRUE
280428,2/19/26,2/1/26,75063,NorthEast,D,,1900,3790,3790,3790,0.079332627,,590,TRUE,FALSE,INACTIVE,FALSE,FALSE,
545129,2/19/26,2/1/26,37647,SouthEast,F,C,2200,2000,2200,2200,0.169729397,0.174490616,538,TRUE,TRUE,INACTIVE,TRUE,TRUE,FALSE
90265,2/21/26,2/1/26,37643,SouthEast,F,F,2500,300,1500,1500,0.37042436,0.283117712,538,TRUE,FALSE,COMPLETE,TRUE,TRUE,TRUE
580962,2/21/26,2/1/26,75983,NorthEast,F,,2600,300,1500,1500,0.344208807,,507,TRUE,TRUE,INACTIVE,FALSE,FALSE,
16130,2/21/26,2/1/26,39553,West,F,,1700,300,1500,1500,0.46451053,,528,FALSE,FALSE,DENIED,FALSE,FALSE,
190325,2/24/26,2/1/26,49168,West,B,A,1750,4290,4290,4290,0.065276422,0.060528867,571,TRUE,TRUE,INACTIVE,TRUE,TRUE,FALSE
250293,2/24/26,2/1/26,37647,SouthEast,F,,2500,300,300,300,0.375540525,,470,FALSE,FALSE,DENIED,FALSE,FALSE,
277644,2/26/26,2/1/26,39554,West,E,D,2000,300,1500,1500,0.364912242,0.206192672,557,TRUE,TRUE,COMPLETE,TRUE,TRUE,TRUE
690924,2/26/26,2/1/26,75983,NorthEast,C,,1900,1210,1500,1500,0.216146842,,536,TRUE,FALSE,INACTIVE,FALSE,FALSE,
103380,2/26/26,2/1/26,37643,SouthEast,D,B,3600,1390,1500,1500,0.205777466,0.112120792,545,TRUE,FALSE,INACTIVE,TRUE,TRUE,FALSE
223856,2/27/26,2/1/26,39554,West,F,,800,300,1500,1500,0.463817626,,493,FALSE,FALSE,DENIED,FALSE,FALSE,
284484,2/27/26,2/1/26,65790,West,F,,3000,300,1500,1500,0.504333079,,559,FALSE,FALSE,DENIED,FALSE,FALSE,
399220,2/27/26,2/1/26,39554,West,B,,2000,4320,4320,4320,0.064318113,,550,TRUE,FALSE,INACTIVE,FALSE,FALSE,
872839,2/27/26,2/1/26,85890,West,E,F,1198,300,1500,1500,0.310589969,0.303020924,566,TRUE,TRUE,COMPLETE,TRUE,TRUE,TRUE
802122,2/28/26,2/1/26,37644,SouthEast,F,F,2300,300,1500,1500,0.397725224,0.588649631,524,TRUE,FALSE,DENIED,TRUE,FALSE,
240789,2/28/26,2/1/26,56437,SouthEast,A,,2500,5000,5000,5000,0.036542535,,607,TRUE,FALSE,INACTIVE,FALSE,FALSE,
254075,2/28/26,2/1/26,39554,West,A,,4000,5000,5000,5000,0.021132225,,620,TRUE,FALSE,INACTIVE,FALSE,FALSE,
379606,2/28/26,2/1/26,51515,MidWest,F,D,3400,300,1500,1500,0.32411468,0.213756099,537,TRUE,TRUE,COMPLETE,TRUE,TRUE,TRUE
714004,2/28/26,2/1/26,37644,SouthEast,F,,2700,580,1500,1500,0.267384738,,557,TRUE,TRUE,INACTIVE,FALSE,FALSE,
947856,2/28/26,2/1/26,51515,MidWest,F,F,3400,300,1500,1500,0.306319356,0.552089036,581,TRUE,TRUE,DENIED,TRUE,FALSE,
319927,3/1/26,3/1/26,98395,NorthEast,F,,3000,300,500,500,0.418033034,,533,FALSE,FALSE,DENIED,FALSE,FALSE,
67467,3/1/26,3/1/26,56437,SouthEast,C,C,1599.99,1830,1830,1830,0.179760844,0.170122236,536,TRUE,FALSE,COMPLETE,TRUE,TRUE,TRUE
109291,3/1/26,3/1/26,49344,West,C,A,2700,3940,3940,3940,0.075070485,0.051143192,589,TRUE,FALSE,COMPLETE,TRUE,TRUE,TRUE
728919,3/2/26,3/1/26,85890,West,B,A,1599,3500,3500,3500,0.091662534,0.076571777,572,TRUE,FALSE,COMPLETE,TRUE,TRUE,TRUE
854639,3/2/26,3/1/26,79705,West,C,,4000,1640,1640,1640,0.191079468,,,TRUE,FALSE,INACTIVE,FALSE,FALSE,
416317,3/2/26,3/1/26,37644,SouthEast,F,,2000,300,1500,1500,0.543858409,,573,FALSE,FALSE,DENIED,FALSE,FALSE,
122822,3/2/26,3/1/26,75983,NorthEast,C,B,2250,3520,3520,3520,0.090612158,0.123362757,561,TRUE,FALSE,COMPLETE,TRUE,TRUE,TRUE
137373,3/2/26,3/1/26,75061,NorthEast,F,,2400,300,1500,1500,0.425983459,,578,FALSE,FALSE,DENIED,FALSE,FALSE,
870907,3/2/26,3/1/26,78469,SouthEast,F,,2500,300,1500,1500,0.730968058,,489,FALSE,FALSE,DENIED,FALSE,FALSE,
948525,3/4/26,3/1/26,54008,SouthEast,B,,2500,4360,4360,4360,0.063217141,,594,TRUE,FALSE,INACTIVE,FALSE,FALSE,
987340,3/4/26,3/1/26,37647,SouthEast,F,,2352.93,300,300,300,0.422773153,,552,FALSE,FALSE,DENIED,FALSE,FALSE,
191223,3/4/26,3/1/26,37647,SouthEast,E,,2500,590,590,590,0.266560465,,589,FALSE,FALSE,DENIED,FALSE,FALSE,
493494,3/4/26,3/1/26,69568,West,D,,1800,1750,1800,1800,0.184134468,,566,TRUE,FALSE,INACTIVE,FALSE,FALSE,
800102,3/4/26,3/1/26,37641,MidWest,F,,1700,300,1500,1500,0.32195136,,552,TRUE,TRUE,INACTIVE,FALSE,FALSE,
510005,3/4/26,3/1/26,91050,NorthEast,D,E,2100,2250,2250,2250,0.154908672,0.248870045,548,TRUE,FALSE,COMPLETE,TRUE,TRUE,TRUE
924065,3/5/26,3/1/26,79705,West,C,,2200,3170,3170,3170,0.107471459,,606,TRUE,FALSE,INACTIVE,FALSE,FALSE,
35646,3/5/26,3/1/26,56437,SouthEast,F,,2500,300,1500,1500,0.490739942,,532,FALSE,FALSE,DENIED,FALSE,FALSE,
788542,3/5/26,3/1/26,56437,SouthEast,F,,2500,300,1500,1500,0.396325737,,553,FALSE,FALSE,DENIED,FALSE,FALSE,
142845,3/6/26,3/1/26,49344,West,B,A,1610.96,5000,5000,5000,0.036380172,0.025672184,644,TRUE,FALSE,COMPLETE,TRUE,TRUE,TRUE
863858,3/6/26,3/1/26,54008,SouthEast,F,,1599,300,1600,1600,0.313903749,,567,TRUE,TRUE,INACTIVE,FALSE,FALSE,
409558,3/6/26,3/1/26,98395,NorthEast,F,,3000,760,760,760,0.250926465,,537,FALSE,FALSE,DENIED,FALSE,FALSE,
565080,3/6/26,3/1/26,98395,NorthEast,F,,3000,300,500,500,0.346385539,,576,TRUE,FALSE,INACTIVE,FALSE,FALSE,
77178,3/6/26,3/1/26,54008,SouthEast,C,C,1700,1920,1920,1920,0.174174994,0.178135946,,TRUE,FALSE,INACTIVE,TRUE,TRUE,FALSE
628587,3/6/26,3/1/26,69568,West,E,,2000,850,1500,1500,0.241606027,,527,TRUE,TRUE,INACTIVE,FALSE,FALSE,
521934,3/6/26,3/1/26,78469,SouthEast,F,F,3500,300,1500,1500,0.319331825,0.32687059,547,TRUE,TRUE,COMPLETE,TRUE,TRUE,TRUE
860887,3/7/26,3/1/26,71513,West,E,D,3300,650,1500,1500,0.260756493,0.216290161,655,TRUE,FALSE,COMPLETE,TRUE,TRUE,TRUE
636005,3/7/26,3/1/26,63956,NorthEast,A,,3000,5000,5000,5000,0.03720047,,613,TRUE,FALSE,INACTIVE,FALSE,FALSE,
741196,3/7/26,3/1/26,78469,SouthEast,D,C,2100,1850,1850,1850,0.178300455,0.170829087,584,TRUE,FALSE,COMPLETE,TRUE,TRUE,TRUE
227833,3/7/26,3/1/26,69568,West,F,C,2000,620,1500,1500,0.263634086,0.193772644,574,TRUE,FALSE,COMPLETE,TRUE,TRUE,TRUE
571176,3/7/26,3/1/26,39556,West,D,F,2400,1380,1500,1500,0.206406698,0.316809237,,TRUE,FALSE,COMPLETE,TRUE,TRUE,TRUE
201541,3/8/26,3/1/26,56437,SouthEast,E,,2500,360,1500,1500,0.289121717,,452,TRUE,TRUE,INACTIVE,FALSE,FALSE,
273357,3/8/26,3/1/26,37648,SouthWest,F,,2400,300,1500,1500,0.479647964,,458,FALSE,FALSE,DENIED,FALSE,FALSE,
928620,3/9/26,3/1/26,49344,West,D,D,2500,2770,2770,2770,0.126755074,0.230227366,616,TRUE,FALSE,DENIED,TRUE,FALSE,
857316,3/10/26,3/1/26,69568,West,D,C,1800,1350,1500,1500,0.208045885,0.190759778,,TRUE,TRUE,COMPLETE,TRUE,TRUE,TRUE
793874,3/10/26,3/1/26,75983,NorthEast,B,,2250,5000,5000,5000,0.036380067,,615,TRUE,FALSE,INACTIVE,FALSE,FALSE,
65925,3/10/26,3/1/26,75983,NorthEast,B,,2250,5000,5000,5000,0.036380067,,615,TRUE,FALSE,INACTIVE,FALSE,FALSE,
131128,3/10/26,3/1/26,98395,NorthEast,D,B,3000,2000,2000,2000,0.169364691,0.099701479,566,TRUE,FALSE,COMPLETE,TRUE,TRUE,TRUE
602608,3/11/26,3/1/26,78469,SouthEast,C,B,2600,2740,2740,2740,0.128348678,0.126635239,591,TRUE,FALSE,COMPLETE,TRUE,TRUE,TRUE
762506,3/11/26,3/1/26,91050,NorthEast,D,,2374,1390,1500,1500,0.205571339,,,TRUE,FALSE,INACTIVE,FALSE,FALSE,
334352,3/11/26,3/1/26,78469,SouthEast,F,,5000,350,1500,1500,0.289818913,,618,TRUE,TRUE,INACTIVE,FALSE,FALSE,
907366,3/11/26,3/1/26,56437,SouthEast,A,,1500,5000,5000,5000,0.033475723,,636,TRUE,FALSE,INACTIVE,FALSE,FALSE,
900369,3/11/26,3/1/26,49168,West,E,,2000,1250,1500,1500,0.213900939,,,TRUE,FALSE,INACTIVE,FALSE,FALSE,
265058,3/12/26,3/1/26,56437,SouthEast,D,C,550,1110,1500,1500,0.222413734,0.181334466,592,TRUE,FALSE,COMPLETE,TRUE,TRUE,TRUE
479532,3/12/26,3/1/26,91049,SouthEast,E,,2500,320,1500,1500,0.292838275,,567,TRUE,FALSE,INACTIVE,FALSE,FALSE,
542301,3/12/26,3/1/26,85890,West,F,,1299,300,1500,1500,0.555704892,,505,FALSE,FALSE,DENIED,FALSE,FALSE,
973574,3/12/26,3/1/26,98395,NorthEast,D,,1200,1800,1800,1800,0.181255281,,559,TRUE,FALSE,INACTIVE,FALSE,FALSE,
114852,3/12/26,3/1/26,56437,SouthEast,A,,2500,4350,4350,4350,0.063536167,,576,TRUE,FALSE,INACTIVE,FALSE,FALSE,
838161,3/13/26,3/1/26,37647,SouthEast,E,F,3000,1620,1620,1620,0.19178915,0.300940394,591,TRUE,FALSE,COMPLETE,TRUE,TRUE,TRUE
520548,3/13/26,3/1/26,91049,SouthEast,F,F,3000,300,1500,1500,0.346767247,0.309630871,488,TRUE,FALSE,INACTIVE,TRUE,TRUE,FALSE
34067,3/13/26,3/1/26,75061,NorthEast,B,,2500,3390,3390,3390,0.09692239,,599,TRUE,FALSE,INACTIVE,FALSE,FALSE,
726506,3/13/26,3/1/26,91049,SouthEast,C,A,3000,2460,2460,2460,0.142360106,0.063542195,613,TRUE,FALSE,COMPLETE,TRUE,TRUE,TRUE
346272,3/13/26,3/1/26,56437,SouthEast,F,F,1850,300,1500,1500,0.294363409,0.308852911,,TRUE,FALSE,COMPLETE,TRUE,TRUE,TRUE
989891,3/13/26,3/1/26,54008,SouthEast,F,,1900,300,1500,1500,0.297738492,,547,TRUE,TRUE,INACTIVE,FALSE,FALSE,
447799,3/14/26,3/1/26,73708,NorthEast,F,F,2500,550,1500,1500,0.270096481,0.292058915,551,TRUE,FALSE,COMPLETE,TRUE,TRUE,TRUE
346530,3/16/26,3/1/26,79705,West,F,,2000,390,1500,1500,0.285864174,,552,TRUE,TRUE,INACTIVE,FALSE,FALSE,
567625,3/16/26,3/1/26,69568,West,B,,1000,4260,4260,4260,0.066145234,,574,TRUE,FALSE,INACTIVE,FALSE,FALSE,
226321,3/16/26,3/1/26,37648,SouthWest,F,F,3000,300,1500,1500,0.346783221,0.46625194,522,TRUE,TRUE,DENIED,TRUE,FALSE,
944364,3/17/26,3/1/26,63956,NorthEast,E,,2500,1210,1500,1500,0.216013804,,,TRUE,FALSE,INACTIVE,FALSE,FALSE,
286276,3/17/26,3/1/26,37648,SouthWest,F,F,2500,300,1500,1500,0.449541539,0.425809741,473,TRUE,FALSE,COMPLETE,TRUE,TRUE,TRUE
419133,3/17/26,3/1/26,91049,SouthEast,E,C,2500,950,1500,1500,0.232477546,0.18987678,,TRUE,FALSE,COMPLETE,TRUE,TRUE,TRUE
731846,3/17/26,3/1/26,37641,MidWest,D,,1500,1690,1690,1690,0.187945038,,579,TRUE,FALSE,INACTIVE,FALSE,FALSE,
947575,3/18/26,3/1/26,98395,NorthEast,D,,2500,2170,2170,2170,0.159211695,,549,TRUE,FALSE,INACTIVE,FALSE,FALSE,
652187,3/18/26,3/1/26,65790,West,E,,3500,990,1500,1500,0.228978872,,,TRUE,FALSE,INACTIVE,FALSE,FALSE,
833320,3/18/26,3/1/26,69568,West,F,,3000,300,1500,1500,0.480813891,,499,FALSE,FALSE,DENIED,FALSE,FALSE,
5240,3/18/26,3/1/26,56437,SouthEast,F,,2500,300,1500,1500,0.659245908,,550,FALSE,FALSE,DENIED,FALSE,FALSE,
768927,3/19/26,3/1/26,56438,SouthEast,F,D,3000,300,300,300,0.358297527,0.205136836,538,TRUE,FALSE,COMPLETE,TRUE,TRUE,TRUE
444288,3/19/26,3/1/26,37647,SouthEast,F,,2000,300,300,300,0.41847229,,585,FALSE,FALSE,DENIED,FALSE,FALSE,
486475,3/20/26,3/1/26,49344,West,F,F,2700,300,1500,1500,0.422919482,0.580034792,563,TRUE,FALSE,DENIED,TRUE,FALSE,
385452,3/21/26,3/1/26,69568,West,F,,2500,1010,1500,1500,0.227885783,,488,TRUE,FALSE,INACTIVE,FALSE,FALSE,
209861,3/21/26,3/1/26,75983,NorthEast,B,A,2248,4140,4140,4140,0.069397844,0.043229524,578,TRUE,FALSE,COMPLETE,TRUE,TRUE,TRUE
634286,3/21/26,3/1/26,37647,SouthEast,F,,1900,390,390,390,0.286009163,,535,TRUE,FALSE,INACTIVE,FALSE,FALSE,
21319,3/21/26,3/1/26,91050,NorthEast,F,,2468,300,1500,1500,0.663474619,,456,FALSE,FALSE,DENIED,FALSE,FALSE,
385482,3/21/26,3/1/26,37648,SouthWest,F,,3500,300,1500,1500,0.386710137,,529,TRUE,FALSE,INACTIVE,FALSE,FALSE,
528006,3/22/26,3/1/26,78469,SouthEast,F,F,2600,300,1500,1500,0.364536166,0.396393627,576,TRUE,TRUE,DENIED,TRUE,FALSE,
921057,3/22/26,3/1/26,37644,SouthEast,E,C,1800,2730,2730,2730,0.128593415,0.179153398,557,TRUE,FALSE,COMPLETE,TRUE,TRUE,TRUE
732148,3/22/26,3/1/26,98395,NorthEast,F,,3000,300,500,500,0.382027477,,592,FALSE,FALSE,DENIED,FALSE,FALSE,
34486,3/22/26,3/1/26,71513,West,D,,1780,2510,2510,2510,0.139380664,,525,TRUE,FALSE,COMPLETE,TRUE,TRUE,TRUE
425296,3/23/26,3/1/26,71513,West,F,,1870,780,1500,1500,0.248930603,,545,TRUE,FALSE,INACTIVE,FALSE,FALSE,
205090,3/23/26,3/1/26,37644,SouthEast,D,F,2000,1920,2000,2000,0.174480066,0.418083996,549,TRUE,FALSE,INACTIVE,TRUE,TRUE,FALSE
671652,3/24/26,3/1/26,37647,SouthEast,C,B,2500,1890,1890,1890,0.176088795,0.081642561,600,TRUE,FALSE,COMPLETE,TRUE,TRUE,TRUE
903391,3/24/26,3/1/26,91049,SouthEast,D,,3000,1320,1500,1500,0.20991151,,552,TRUE,FALSE,INACTIVE,FALSE,FALSE,
572849,3/24/26,3/1/26,75983,NorthEast,F,B,2250,710,1500,1500,0.255191058,0.082162604,557,TRUE,FALSE,COMPLETE,TRUE,TRUE,TRUE
67125,3/25/26,3/1/26,54008,SouthEast,F,D,2200,300,1500,1500,0.356184036,0.205576554,568,TRUE,FALSE,COMPLETE,TRUE,TRUE,TRUE
538607,3/26/26,3/1/26,54008,SouthEast,F,F,2000,830,1500,1500,0.24331297,0.351066053,560,TRUE,FALSE,COMPLETE,TRUE,TRUE,TRUE
887264,3/27/26,3/1/26,39555,West,A,,2600,5000,5000,5000,0.039328787,,607,TRUE,FALSE,INACTIVE,FALSE,FALSE,
554822,3/27/26,3/1/26,91049,SouthEast,E,E,3000,980,1500,1500,0.229607016,0.2372915,576,TRUE,FALSE,INACTIVE,TRUE,TRUE,FALSE
895500,3/28/26,3/1/26,91050,NorthEast,C,,2378,3440,3440,3440,0.094259851,,581,TRUE,FALSE,COMPLETE,TRUE,TRUE,TRUE
706323,3/28/26,3/1/26,56437,SouthEast,B,,2500,4030,4030,4030,0.072679676,,551,TRUE,FALSE,INACTIVE,FALSE,FALSE,
767360,3/28/26,3/1/26,95737,NorthEast,B,,2300,3750,3750,3750,0.080651939,,602,TRUE,FALSE,INACTIVE,FALSE,FALSE,
899124,3/29/26,3/1/26,69568,West,B,,2000,3820,3820,3820,0.07865525,,609,TRUE,FALSE,INACTIVE,FALSE,FALSE,
177855,3/29/26,3/1/26,75063,NorthEast,C,B,2250,2350,2350,2350,0.149015114,0.122008696,599,TRUE,FALSE,INACTIVE,TRUE,TRUE,FALSE
520738,3/29/26,3/1/26,56437,SouthEast,E,D,2500,2000,2000,2000,0.169421762,0.208225727,539,TRUE,FALSE,COMPLETE,TRUE,TRUE,TRUE
228019,3/30/26,3/1/26,75063,NorthEast,F,,2250,300,1500,1500,0.307132959,,581,TRUE,FALSE,INACTIVE,FALSE,FALSE,
365917,3/30/26,3/1/26,75061,NorthEast,F,,2600,650,1500,1500,0.260901988,,586,TRUE,FALSE,INACTIVE,FALSE,FALSE,
642772,3/30/26,3/1/26,91050,NorthEast,F,,2474,300,1500,1500,0.533281624,,475,FALSE,FALSE,DENIED,FALSE,FALSE,
673839,3/31/26,3/1/26,82928,SouthEast,F,D,3000,300,500,500,0.317604542,0.22154218,521,TRUE,FALSE,INACTIVE,TRUE,TRUE,FALSE
477248,3/31/26,3/1/26,91050,NorthEast,A,A,2378,4730,4730,4730,0.052782379,0.015017668,589,TRUE,FALSE,INACTIVE,TRUE,TRUE,FALSE
907807,4/2/26,4/1/26,51515,MidWest,F,D,2100,1010,1500,1500,0.227768615,0.20618698,488,TRUE,TRUE,COMPLETE,TRUE,TRUE,TRUE
514099,4/3/26,4/1/26,56438,SouthEast,E,C,2413.4,470,470,470,0.278253645,0.170048088,560,TRUE,FALSE,INACTIVE,TRUE,TRUE,FALSE
602939,4/3/26,4/1/26,56437,SouthEast,F,F,2000,300,1500,1500,0.333651066,0.274959475,569,TRUE,TRUE,DENIED,TRUE,FALSE,
41614,4/3/26,4/1/26,49344,West,B,A,2000,3450,3450,3450,0.093898937,0.049488686,636,TRUE,FALSE,COMPLETE,TRUE,TRUE,TRUE
76349,4/3/26,4/1/26,91050,NorthEast,B,A,1750,3450,3450,3450,0.093900353,0.071571574,591,TRUE,FALSE,INACTIVE,TRUE,TRUE,FALSE
602753,4/3/26,4/1/26,37647,SouthEast,F,,2500,680,680,680,0.257989794,,505,TRUE,FALSE,INACTIVE,FALSE,FALSE,
634914,4/4/26,4/1/26,75061,NorthEast,B,,2500,3630,3630,3630,0.085447043,,608,TRUE,FALSE,INACTIVE,FALSE,FALSE,
263941,4/4/26,4/1/26,98395,NorthEast,B,,2500,4300,4300,4300,0.064903915,,605,TRUE,FALSE,INACTIVE,FALSE,FALSE,
468302,4/4/26,4/1/26,91049,SouthEast,E,,3000,1050,1500,1500,0.225542143,,,TRUE,FALSE,INACTIVE,FALSE,FALSE,
570734,4/4/26,4/1/26,37647,SouthEast,F,,2500,300,300,300,0.456522197,,568,FALSE,FALSE,DENIED,FALSE,FALSE,
6857,4/4/26,4/1/26,82928,SouthEast,E,C,2000,1440,1440,1440,0.2023893,0.164838776,585,TRUE,FALSE,COMPLETE,TRUE,TRUE,TRUE
907689,4/4/26,4/1/26,75983,NorthEast,C,A,2250,2610,2610,2610,0.13417688,0.06401369,565,TRUE,FALSE,COMPLETE,TRUE,TRUE,TRUE
382686,4/5/26,4/1/26,49344,West,F,,5300,830,1500,1500,0.24416095,,,TRUE,FALSE,PREQUALIFIED,FALSE,FALSE,
355766,4/6/26,4/1/26,37644,SouthEast,A,,2500,5000,5000,5000,0.040265821,,595,TRUE,FALSE,INACTIVE,FALSE,FALSE,
669137,4/7/26,4/1/26,37647,SouthEast,F,,2300,300,300,300,0.426084727,,507,FALSE,FALSE,DENIED,FALSE,FALSE,
916773,4/7/26,4/1/26,73708,NorthEast,F,,2000,300,1500,1500,0.366201192,,,TRUE,TRUE,DENIED,TRUE,FALSE,
697336,4/7/26,4/1/26,54008,SouthEast,F,C,1800,330,1500,1500,0.291478485,0.173438445,556,TRUE,FALSE,COMPLETE,TRUE,TRUE,TRUE
935860,4/7/26,4/1/26,75061,NorthEast,B,,2600,4470,4470,4470,0.060011376,,620,TRUE,FALSE,INACTIVE,FALSE,FALSE,
488615,4/7/26,4/1/26,75061,NorthEast,B,,2600,4540,4540,4540,0.058217715,,620,TRUE,FALSE,INACTIVE,FALSE,FALSE,
942424,4/7/26,4/1/26,73708,NorthEast,B,,5000,4270,4270,4270,0.065661103,,618,TRUE,FALSE,INACTIVE,FALSE,FALSE,
332124,4/7/26,4/1/26,75063,NorthEast,C,D,2300,2820,2820,2820,0.124401644,0.195214838,574,TRUE,FALSE,INACTIVE,TRUE,TRUE,FALSE
486558,4/7/26,4/1/26,91050,NorthEast,F,,2378,300,1500,1500,0.308989346,,586,TRUE,TRUE,INACTIVE,FALSE,FALSE,
774758,4/7/26,4/1/26,73708,NorthEast,B,,5000,4270,4270,4270,0.065661103,,618,TRUE,FALSE,INACTIVE,FALSE,FALSE,
211962,4/7/26,4/1/26,98395,NorthEast,D,,2600,1650,1650,1650,0.190189764,,,TRUE,FALSE,INACTIVE,FALSE,FALSE,
183220,4/8/26,4/1/26,79705,West,F,,2300,540,1500,1500,0.27127403,,488,TRUE,FALSE,INACTIVE,FALSE,FALSE,
250319,4/8/26,4/1/26,54008,SouthEast,F,,2200,980,1500,1500,0.22959508,,488,TRUE,TRUE,INACTIVE,FALSE,FALSE,
945003,4/8/26,4/1/26,49344,West,F,,1600,300,1600,1600,0.466977775,,563,FALSE,FALSE,DENIED,FALSE,FALSE,
839575,4/8/26,4/1/26,49344,West,D,,2400,1960,1960,1960,0.172071695,,540,TRUE,FALSE,PREQUALIFIED,FALSE,FALSE,
780375,4/8/26,4/1/26,75063,NorthEast,D,,1900,2330,2330,2330,0.149937794,,573,TRUE,FALSE,INACTIVE,FALSE,FALSE,
39297,4/8/26,4/1/26,37647,SouthEast,F,,1800,300,300,300,0.453017503,,581,FALSE,FALSE,DENIED,FALSE,FALSE,
844275,4/8/26,4/1/26,69568,West,B,,1880,3880,3880,3880,0.076868452,,585,TRUE,FALSE,INACTIVE,FALSE,FALSE,
964033,4/8/26,4/1/26,73231,West,B,,1900,4870,4870,4870,0.048712641,,571,TRUE,FALSE,INACTIVE,FALSE,FALSE,
853892,4/8/26,4/1/26,49344,West,F,,1600,300,1600,1600,0.475737572,,563,FALSE,FALSE,DENIED,FALSE,FALSE,
726589,4/9/26,4/1/26,56437,SouthEast,D,,2150,2170,2170,2170,0.159481943,,594,TRUE,FALSE,INACTIVE,FALSE,FALSE,
35060,4/9/26,4/1/26,37643,SouthEast,F,,2924.88,300,1500,1500,0.448061526,,551,FALSE,FALSE,DENIED,FALSE,FALSE,
207178,4/10/26,4/1/26,49344,West,F,E,1100,300,1500,1500,0.364500493,0.237270474,568,TRUE,FALSE,COMPLETE,TRUE,TRUE,TRUE
508053,4/10/26,4/1/26,54008,SouthEast,C,B,2300,2160,2300,2300,0.16022481,0.090654656,608,TRUE,FALSE,COMPLETE,TRUE,TRUE,TRUE
958734,4/10/26,4/1/26,75063,NorthEast,D,,1900,1990,1990,1990,0.17001538,,585,TRUE,FALSE,INACTIVE,FALSE,FALSE,
775839,4/10/26,4/1/26,95737,NorthEast,E,,2500,1020,1500,1500,0.227652594,,488,TRUE,FALSE,INACTIVE,FALSE,FALSE,
815201,4/10/26,4/1/26,56437,SouthEast,E,B,2500,1200,1500,1500,0.216984585,0.139608622,545,TRUE,FALSE,COMPLETE,TRUE,TRUE,TRUE
297425,4/10/26,4/1/26,75061,NorthEast,F,,2500,300,1500,1500,0.455121517,,564,TRUE,FALSE,COMPLETE,TRUE,TRUE,TRUE
755665,4/10/26,4/1/26,78469,SouthEast,F,F,2500,300,1500,1500,0.353670239,0.362878323,542,TRUE,TRUE,COMPLETE,TRUE,TRUE,TRUE
691886,4/10/26,4/1/26,87502,NorthEast,F,,2500,300,1500,1500,0.35225904,,,TRUE,TRUE,INACTIVE,FALSE,FALSE,
292395,4/10/26,4/1/26,37644,SouthEast,E,D,2600,1830,1830,1830,0.179704159,0.207286656,,TRUE,FALSE,COMPLETE,TRUE,TRUE,TRUE
823671,4/11/26,4/1/26,54008,SouthEast,C,,3300,2890,2890,2890,0.120740689,,574,TRUE,FALSE,INACTIVE,FALSE,FALSE,
668475,4/11/26,4/1/26,75063,NorthEast,B,E,2250,3290,3290,3290,0.10186106,0.257150143,579,TRUE,FALSE,COMPLETE,TRUE,TRUE,TRUE
146918,4/11/26,4/1/26,82928,SouthEast,D,,2700,2420,2420,2420,0.144863695,,591,TRUE,FALSE,INACTIVE,FALSE,FALSE,
315748,4/11/26,4/1/26,73708,NorthEast,C,,2500,2790,2790,2790,0.125598073,,581,TRUE,FALSE,INACTIVE,FALSE,FALSE,
655437,4/11/26,4/1/26,69568,West,C,,1000,3350,3350,3350,0.098693497,,587,TRUE,FALSE,INACTIVE,FALSE,FALSE,
152653,4/11/26,4/1/26,56437,SouthEast,C,A,2500,3500,3500,3500,0.091656558,0.035184149,574,TRUE,FALSE,COMPLETE,TRUE,TRUE,TRUE
198493,4/12/26,4/1/26,49344,West,F,,1900,300,1500,1500,0.504461944,,472,FALSE,FALSE,DENIED,FALSE,FALSE,
392072,4/12/26,4/1/26,37644,SouthEast,B,A,2800,3700,3700,3700,0.081910416,0.052796386,594,TRUE,FALSE,COMPLETE,TRUE,TRUE,TRUE
492442,4/13/26,4/1/26,37648,SouthWest,E,,2500,2590,2590,2590,0.135492936,,571,TRUE,FALSE,INACTIVE,FALSE,FALSE,
230862,4/13/26,4/1/26,37647,SouthEast,B,A,2500,3600,3600,3600,0.08696191,0.046310108,595,TRUE,FALSE,COMPLETE,TRUE,TRUE,TRUE
554419,4/13/26,4/1/26,37644,SouthEast,F,,2800,300,1500,1500,0.465598822,,547,TRUE,FALSE,INACTIVE,FALSE,FALSE,
600127,4/13/26,4/1/26,105893,NorthEast,D,,1900,970,970,970,0.230141237,,535,FALSE,FALSE,DENIED,FALSE,FALSE,
214055,4/13/26,4/1/26,37648,SouthWest,B,,3000,4970,4970,4970,0.045873377,,605,TRUE,FALSE,INACTIVE,FALSE,FALSE,
990162,4/14/26,4/1/26,69568,West,F,,3000,300,1500,1500,0.366660804,,554,TRUE,TRUE,INACTIVE,FALSE,FALSE,
14016,4/14/26,4/1/26,69568,West,F,,3000,300,1500,1500,0.366660804,,554,TRUE,TRUE,INACTIVE,FALSE,FALSE,
313387,4/14/26,4/1/26,98395,NorthEast,C,,2500,2970,2970,2970,0.117257431,,621,TRUE,FALSE,INACTIVE,FALSE,FALSE,
884776,4/15/26,4/1/26,85890,West,D,D,1599,1080,1600,1600,0.224026173,0.20248349,,TRUE,FALSE,INACTIVE,TRUE,TRUE,FALSE
331683,4/16/26,4/1/26,75061,NorthEast,A,,2600,5000,5000,5000,0.037395712,,618,TRUE,FALSE,INACTIVE,FALSE,FALSE,
437267,4/16/26,4/1/26,37647,SouthEast,B,,2400,4870,4870,4870,0.048755012,,588,TRUE,FALSE,INACTIVE,FALSE,FALSE,
300855,4/16/26,4/1/26,75061,NorthEast,F,,2600,590,1500,1500,0.266315877,,551,TRUE,FALSE,INACTIVE,FALSE,FALSE,
5411,4/16/26,4/1/26,75061,NorthEast,B,,2600,4810,4810,4810,0.050452713,,618,TRUE,FALSE,INACTIVE,FALSE,FALSE,
919706,4/16/26,4/1/26,37647,SouthEast,F,,2500,300,300,300,0.473386377,,535,FALSE,FALSE,DENIED,FALSE,FALSE,
839375,4/17/26,4/1/26,73708,NorthEast,F,D,2550,300,1500,1500,0.342242867,0.223395914,491,TRUE,FALSE,COMPLETE,TRUE,TRUE,TRUE
684899,4/17/26,4/1/26,37647,SouthEast,F,,2100,300,300,300,0.38725996,,562,FALSE,FALSE,DENIED,FALSE,FALSE,
930681,4/17/26,4/1/26,49344,West,F,,2000,300,1500,1500,0.57170862,,537,FALSE,FALSE,DENIED,FALSE,FALSE,
939355,4/18/26,4/1/26,75061,NorthEast,D,,2100,2380,2380,2380,0.147025093,,564,TRUE,FALSE,INACTIVE,FALSE,FALSE,
133374,4/18/26,4/1/26,56437,SouthEast,F,,2500,1170,1500,1500,0.218866378,,553,TRUE,FALSE,INACTIVE,FALSE,FALSE,
642140,4/18/26,4/1/26,82928,SouthEast,F,F,2700,300,500,500,0.295406818,0.540129662,519,TRUE,FALSE,DENIED,TRUE,FALSE,
674039,4/18/26,4/1/26,87502,NorthEast,F,,2100,300,1500,1500,0.294691473,,,TRUE,TRUE,INACTIVE,FALSE,FALSE,
327640,4/18/26,4/1/26,63956,NorthEast,F,,6000,1680,1680,1680,0.188179016,,551,TRUE,FALSE,INACTIVE,FALSE,FALSE,
950581,4/19/26,4/1/26,37644,SouthEast,C,C,2200,1080,1500,1500,0.223703116,0.184019357,548,TRUE,FALSE,COMPLETE,TRUE,TRUE,TRUE
894579,4/19/26,4/1/26,73708,NorthEast,D,C,2069,1380,1500,1500,0.205930173,0.153438106,602,TRUE,FALSE,COMPLETE,TRUE,TRUE,TRUE
47434,4/19/26,4/1/26,49344,West,C,,900,3230,3230,3230,0.104620561,,574,TRUE,FALSE,PREQUALIFIED,FALSE,FALSE,
833836,4/19/26,4/1/26,63956,NorthEast,D,,2500,1310,1500,1500,0.210051715,,556,TRUE,FALSE,COMPLETE,TRUE,TRUE,TRUE
432795,4/19/26,4/1/26,37643,SouthEast,F,,2239.8,300,1500,1500,0.552722275,,552,FALSE,FALSE,DENIED,FALSE,FALSE,
512379,4/19/26,4/1/26,56437,SouthEast,F,E,2500,300,1500,1500,0.332910001,0.261799157,565,TRUE,FALSE,COMPLETE,TRUE,TRUE,TRUE
858333,4/19/26,4/1/26,37643,SouthEast,E,,2239.8,760,1500,1500,0.250150979,,522,TRUE,FALSE,INACTIVE,FALSE,FALSE,
987190,4/20/26,4/1/26,69568,West,D,,2000,2330,2330,2330,0.150226146,,573,TRUE,FALSE,INACTIVE,FALSE,FALSE,
243761,4/20/26,4/1/26,91050,NorthEast,D,,2250,870,1500,1500,0.239780888,,555,TRUE,FALSE,INACTIVE,FALSE,FALSE,
71082,4/20/26,4/1/26,78469,SouthEast,B,B,3000,3880,3880,3880,0.076785594,0.08595223,613,TRUE,FALSE,COMPLETE,TRUE,TRUE,TRUE
287283,4/21/26,4/1/26,69568,West,F,F,3000,300,1500,1500,0.315700829,0.287565649,567,TRUE,FALSE,COMPLETE,TRUE,TRUE,TRUE
958549,4/21/26,4/1/26,69568,West,F,F,2500,300,1500,1500,0.378102064,0.356696129,527,TRUE,FALSE,COMPLETE,TRUE,TRUE,TRUE
200038,4/21/26,4/1/26,56437,SouthEast,B,,2200,4900,4900,4900,0.047789928,,594,TRUE,FALSE,INACTIVE,FALSE,FALSE,
822445,4/21/26,4/1/26,65790,West,B,,3000,5000,5000,5000,0.028529033,,598,TRUE,FALSE,INACTIVE,FALSE,FALSE,
337315,4/21/26,4/1/26,78469,SouthEast,F,,3000,300,1500,1500,0.382629007,,560,TRUE,FALSE,INACTIVE,FALSE,FALSE,
695356,4/22/26,4/1/26,75983,NorthEast,F,,1900,1750,1900,1900,0.184390694,,578,TRUE,FALSE,INACTIVE,FALSE,FALSE,
541989,4/22/26,4/1/26,75063,NorthEast,C,,2000,3400,3400,3400,0.096575879,,594,TRUE,FALSE,INACTIVE,FALSE,FALSE,
808210,4/23/26,4/1/26,56438,SouthEast,E,,2800,420,420,420,0.283040464,,,TRUE,FALSE,INACTIVE,FALSE,FALSE,
180105,4/23/26,4/1/26,49344,West,C,,2500,3260,3260,3260,0.102928743,,592,TRUE,FALSE,PREQUALIFIED,FALSE,FALSE,
731249,4/23/26,4/1/26,85890,West,B,B,1800,3580,3580,3580,0.087799117,0.13210772,576,TRUE,FALSE,INACTIVE,TRUE,TRUE,FALSE
841569,4/23/26,4/1/26,87502,NorthEast,F,,2068.62,300,1500,1500,0.472507745,,536,TRUE,FALSE,INACTIVE,FALSE,FALSE,
668839,4/23/26,4/1/26,75063,NorthEast,D,,2470,1190,1500,1500,0.217193842,,,TRUE,FALSE,INACTIVE,FALSE,FALSE,
292056,4/24/26,4/1/26,73708,NorthEast,B,,2500,4020,4020,4020,0.072974093,,613,TRUE,FALSE,INACTIVE,FALSE,FALSE,
8411,4/24/26,4/1/26,75983,NorthEast,B,,2250,4900,4900,4900,0.047909066,,604,TRUE,FALSE,INACTIVE,FALSE,FALSE,
183514,4/25/26,4/1/26,73708,NorthEast,B,B,2500,2920,2920,2920,0.119605504,0.091535814,555,TRUE,FALSE,COMPLETE,TRUE,TRUE,TRUE
291407,4/25/26,4/1/26,95737,NorthEast,C,,2200,1640,1640,1640,0.190706536,,,TRUE,FALSE,INACTIVE,FALSE,FALSE,
236856,4/25/26,4/1/26,49344,West,B,,1700,5000,5000,5000,0.044963315,,607,TRUE,FALSE,PREQUALIFIED,FALSE,FALSE,
982152,4/25/26,4/1/26,73708,NorthEast,F,,2600,300,1500,1500,0.437929124,,540,FALSE,FALSE,DENIED,FALSE,FALSE,
322749,4/25/26,4/1/26,56437,SouthEast,F,F,2100,300,1500,1500,0.307641715,0.269313365,597,TRUE,TRUE,COMPLETE,TRUE,TRUE,TRUE
122460,4/25/26,4/1/26,37644,SouthEast,C,,2200,2070,2200,2200,0.165147722,,,TRUE,FALSE,INACTIVE,FALSE,FALSE,
764600,4/25/26,4/1/26,91050,NorthEast,C,C,2250,2770,2770,2770,0.12690036,0.179988176,552,TRUE,FALSE,COMPLETE,TRUE,TRUE,TRUE
693857,4/25/26,4/1/26,73708,NorthEast,D,D,2300,1360,1500,1500,0.207205787,0.207828268,,TRUE,FALSE,COMPLETE,TRUE,TRUE,TRUE
785764,4/26/26,4/1/26,75061,NorthEast,C,B,2500,2620,2620,2620,0.133701026,0.135397837,585,TRUE,FALSE,COMPLETE,TRUE,TRUE,TRUE
274458,4/26/26,4/1/26,37648,SouthWest,B,A,5000,4580,5000,5000,0.057071541,0.061266277,571,TRUE,FALSE,COMPLETE,TRUE,TRUE,TRUE
674547,4/26/26,4/1/26,37648,SouthWest,B,,2500,3800,3800,3800,0.079121336,,583,TRUE,FALSE,INACTIVE,FALSE,FALSE,
171955,4/26/26,4/1/26,56437,SouthEast,E,F,2000,300,1500,1500,0.309254706,0.461869568,,TRUE,TRUE,DENIED,TRUE,FALSE,
136001,4/26/26,4/1/26,87502,NorthEast,B,,2200,4320,4320,4320,0.064357109,,573,TRUE,FALSE,INACTIVE,FALSE,FALSE,
493759,4/27/26,4/1/26,49168,West,E,,2401,2100,2100,2100,0.163607314,,488,TRUE,FALSE,INACTIVE,FALSE,FALSE,
628450,4/27/26,4/1/26,56438,SouthEast,F,,3000,300,300,300,0.443093956,,552,FALSE,FALSE,DENIED,FALSE,FALSE,
503580,4/27/26,4/1/26,79705,West,C,,35000,3300,3300,3300,0.101388127,,613,TRUE,FALSE,INACTIVE,FALSE,FALSE,
512137,4/27/26,4/1/26,75983,NorthEast,B,,1900,4740,4740,4740,0.052409369,,585,TRUE,FALSE,INACTIVE,FALSE,FALSE,
766276,4/27/26,4/1/26,75061,NorthEast,F,,2500,850,1500,1500,0.241800129,,,TRUE,FALSE,INACTIVE,FALSE,FALSE,
234678,4/27/26,4/1/26,56438,SouthEast,F,,3000,300,300,300,0.518077195,,450,FALSE,FALSE,DENIED,FALSE,FALSE,
494324,4/27/26,4/1/26,49344,West,F,,3000,300,1500,1500,0.29547748,,459,TRUE,FALSE,PREQUALIFIED,FALSE,FALSE,
170177,4/28/26,4/1/26,37648,SouthWest,C,B,3000,3370,3370,3370,0.097804844,0.116233818,605,TRUE,FALSE,COMPLETE,TRUE,TRUE,TRUE
528541,4/28/26,4/1/26,109797,West,E,,1800.44,1380,1380,1380,0.206021577,,,TRUE,FALSE,INACTIVE,FALSE,FALSE,
667274,4/28/26,4/1/26,75063,NorthEast,E,,2025,490,1500,1500,0.27583915,,,TRUE,FALSE,INACTIVE,FALSE,FALSE,
548085,4/28/26,4/1/26,56438,SouthEast,B,,3000,4620,4620,4620,0.055898134,,580,TRUE,FALSE,INACTIVE,FALSE,FALSE,
528028,4/28/26,4/1/26,73708,NorthEast,F,C,2500,400,1500,1500,0.28448686,0.19084315,,TRUE,TRUE,COMPLETE,TRUE,TRUE,TRUE
490247,4/28/26,4/1/26,78469,SouthEast,C,,3500,3330,3500,3500,0.099615254,,582,TRUE,FALSE,INACTIVE,TRUE,TRUE,FALSE
607706,4/28/26,4/1/26,78469,SouthEast,F,F,2500,300,1500,1500,0.344995588,0.277056247,559,TRUE,TRUE,COMPLETE,TRUE,TRUE,TRUE
348860,4/29/26,4/1/26,73708,NorthEast,F,D,2100,300,1500,1500,0.317792833,0.203264952,559,TRUE,FALSE,COMPLETE,TRUE,TRUE,TRUE
220658,4/29/26,4/1/26,37648,SouthWest,F,,2500,590,1500,1500,0.267105073,,529,TRUE,FALSE,INACTIVE,FALSE,FALSE,
917307,4/29/26,4/1/26,82928,SouthEast,F,,2700,300,500,500,0.387889385,,493,FALSE,FALSE,DENIED,FALSE,FALSE,
136538,4/29/26,4/1/26,75983,NorthEast,F,,1900,640,1500,1500,0.262084782,,,TRUE,FALSE,INACTIVE,FALSE,FALSE,
619844,4/30/26,4/1/26,54008,SouthEast,F,F,2000,300,1500,1500,0.426361978,0.396583796,510,TRUE,FALSE,COMPLETE,TRUE,TRUE,TRUE
17301,4/30/26,4/1/26,56437,SouthEast,C,,2500,1800,1800,1800,0.181434825,,518,TRUE,FALSE,INACTIVE,FALSE,FALSE,
133302,5/1/26,5/1/26,75061,NorthEast,B,,2800,4690,4690,4690,0.053954538,,605,TRUE,FALSE,INACTIVE,FALSE,FALSE,
126927,5/1/26,5/1/26,37647,SouthEast,A,A,2200,5000,5000,5000,0.040492341,0.053711556,646,TRUE,FALSE,COMPLETE,TRUE,TRUE,TRUE
344855,5/2/26,5/1/26,75063,NorthEast,D,D,1900,2220,2220,2220,0.156563178,0.218537003,569,TRUE,FALSE,COMPLETE,TRUE,TRUE,TRUE
946759,5/2/26,5/1/26,37643,SouthEast,F,,1766.9,300,1500,1500,0.378895074,,620,TRUE,FALSE,INACTIVE,FALSE,FALSE,
574852,5/2/26,5/1/26,78469,SouthEast,F,,3000,300,1500,1500,0.669924378,,509,FALSE,FALSE,DENIED,FALSE,FALSE,
626206,5/2/26,5/1/26,91050,NorthEast,B,,1250,4920,4920,4920,0.047222272,,570,TRUE,FALSE,INACTIVE,FALSE,FALSE,
242660,5/2/26,5/1/26,49344,West,A,,1999,5000,5000,5000,0.025489897,,618,TRUE,FALSE,PREQUALIFIED,FALSE,FALSE,
430370,5/2/26,5/1/26,75063,NorthEast,F,,1900,450,1500,1500,0.279714584,,567,TRUE,FALSE,INACTIVE,FALSE,FALSE,
93797,5/2/26,5/1/26,82928,SouthEast,C,,2700,1920,1920,1920,0.174115941,,,TRUE,FALSE,INACTIVE,FALSE,FALSE,
521046,5/2/26,5/1/26,56437,SouthEast,D,,2500,1440,1500,1500,0.20280385,,558,TRUE,FALSE,INACTIVE,FALSE,FALSE,
93370,5/3/26,5/1/26,95737,NorthEast,A,,2500,5000,5000,5000,0.025510473,,613,TRUE,FALSE,INACTIVE,FALSE,FALSE,
296657,5/3/26,5/1/26,49344,West,B,,5500,4820,4820,4820,0.050225399,,600,TRUE,FALSE,PREQUALIFIED,FALSE,FALSE,
983841,5/3/26,5/1/26,56437,SouthEast,B,,2500,5000,5000,5000,0.035505444,,608,TRUE,FALSE,INACTIVE,FALSE,FALSE,
393834,5/3/26,5/1/26,95737,NorthEast,A,,2500,5000,5000,5000,0.023891954,,613,TRUE,FALSE,INACTIVE,FALSE,FALSE,
915324,5/4/26,5/1/26,91050,NorthEast,F,,2378,300,1500,1500,0.405377477,,596,FALSE,FALSE,DENIED,FALSE,FALSE,
685567,5/4/26,5/1/26,37647,SouthEast,C,B,3300,2510,2510,2510,0.13923797,0.090921104,560,TRUE,FALSE,COMPLETE,TRUE,TRUE,TRUE
589201,5/4/26,5/1/26,105893,NorthEast,C,B,2000,3270,3270,3270,0.102872834,0.095149837,603,TRUE,FALSE,INACTIVE,TRUE,TRUE,FALSE
958780,5/5/26,5/1/26,75061,NorthEast,F,F,2500,300,1500,1500,0.353666484,0.268731654,557,TRUE,TRUE,COMPLETE,TRUE,TRUE,TRUE
268353,5/5/26,5/1/26,37643,SouthEast,F,,2000,300,1500,1500,0.529817164,,525,FALSE,FALSE,DENIED,FALSE,FALSE,
828290,5/5/26,5/1/26,56437,SouthEast,E,,2000,470,1500,1500,0.278280616,,,TRUE,FALSE,INACTIVE,TRUE,TRUE,FALSE
29350,5/5/26,5/1/26,79705,West,F,,2500,300,1500,1500,0.492844284,,546,FALSE,FALSE,DENIED,FALSE,FALSE,
155009,5/5/26,5/1/26,54008,SouthEast,D,,1700,1160,1500,1500,0.219092935,,488,TRUE,FALSE,INACTIVE,FALSE,FALSE,
177676,5/6/26,5/1/26,91049,SouthEast,E,C,2500,1590,1590,1590,0.193888038,0.144104078,590,TRUE,FALSE,COMPLETE,TRUE,TRUE,TRUE
941385,5/6/26,5/1/26,37647,SouthEast,F,,2000,300,300,300,0.427318811,,513,FALSE,FALSE,DENIED,FALSE,FALSE,
429911,5/6/26,5/1/26,56437,SouthEast,D,,2500,520,1500,1500,0.272967577,,,TRUE,FALSE,INACTIVE,FALSE,FALSE,
323877,5/6/26,5/1/26,75983,NorthEast,F,,2000,300,1500,1500,0.390554011,,509,TRUE,FALSE,INACTIVE,FALSE,FALSE,
787211,5/7/26,5/1/26,78467,NorthEast,A,A,2270,5000,5000,5000,0.023439124,0.028689474,615,TRUE,FALSE,INACTIVE,TRUE,TRUE,FALSE
350470,5/7/26,5/1/26,37643,SouthEast,F,D,3025,410,1500,1500,0.284098655,0.217793316,549,TRUE,TRUE,COMPLETE,TRUE,TRUE,TRUE
876595,5/7/26,5/1/26,91050,NorthEast,F,D,2024,1110,1500,1500,0.222047329,0.195007369,556,TRUE,FALSE,INACTIVE,TRUE,TRUE,FALSE
515211,5/7/26,5/1/26,37644,SouthEast,B,,1800,4670,4670,4670,0.054393902,,589,TRUE,FALSE,INACTIVE,FALSE,FALSE,
737525,5/7/26,5/1/26,91050,NorthEast,F,F,2024,1110,1500,1500,0.222047329,0.309350282,556,TRUE,FALSE,INACTIVE,TRUE,TRUE,FALSE
358260,5/7/26,5/1/26,85890,West,D,,1898,1850,1900,1900,0.178645059,,619,TRUE,FALSE,COMPLETE,TRUE,TRUE,TRUE
709747,5/7/26,5/1/26,37643,SouthEast,C,,1599,1090,1600,1600,0.223052382,,,TRUE,FALSE,INACTIVE,FALSE,FALSE,
677455,5/8/26,5/1/26,37647,SouthEast,E,,2400,780,780,780,0.248316184,,,TRUE,FALSE,INACTIVE,FALSE,FALSE,
305428,5/8/26,5/1/26,91049,SouthEast,F,,3000,300,1500,1500,0.297540486,,,TRUE,FALSE,INACTIVE,FALSE,FALSE,
544238,5/8/26,5/1/26,87502,NorthEast,E,,2200,840,1500,1500,0.242555439,,527,TRUE,FALSE,INACTIVE,FALSE,FALSE,
778465,5/8/26,5/1/26,37647,SouthEast,D,,2300,1930,1930,1930,0.173509479,,,TRUE,FALSE,INACTIVE,FALSE,FALSE,
163897,5/8/26,5/1/26,37647,SouthEast,E,F,2500,900,900,900,0.237035766,0.340532929,586,TRUE,TRUE,COMPLETE,TRUE,TRUE,TRUE
188947,5/8/26,5/1/26,75983,NorthEast,F,,2500,300,1500,1500,0.337144494,,559,FALSE,FALSE,DENIED,FALSE,FALSE,
503650,5/8/26,5/1/26,37643,SouthEast,F,F,2100,350,1500,1500,0.289349318,0.285688818,573,TRUE,FALSE,COMPLETE,TRUE,TRUE,TRUE
312273,5/8/26,5/1/26,37643,SouthEast,F,,2200,300,1500,1500,0.502821863,,479,FALSE,FALSE,DENIED,FALSE,FALSE,
819707,5/9/26,5/1/26,37648,SouthWest,C,B,2500,3220,3220,3220,0.105201147,0.130409554,570,TRUE,FALSE,COMPLETE,TRUE,TRUE,TRUE
558598,5/9/26,5/1/26,37644,SouthEast,F,,2200,300,1500,1500,0.417688966,,577,TRUE,FALSE,INACTIVE,FALSE,FALSE,
816749,5/9/26,5/1/26,78469,SouthEast,F,F,3500,420,1500,1500,0.283061534,0.341697216,560,TRUE,FALSE,COMPLETE,TRUE,TRUE,TRUE
268560,5/9/26,5/1/26,37648,SouthWest,F,F,2500,300,1500,1500,0.369412392,0.27794224,516,TRUE,TRUE,DENIED,TRUE,FALSE,
863703,5/9/26,5/1/26,78469,SouthEast,C,B,3500,2860,2860,2860,0.122437045,0.080319531,561,TRUE,FALSE,INACTIVE,TRUE,TRUE,FALSE
527682,5/9/26,5/1/26,78469,SouthEast,F,,3000,300,1500,1500,0.594646871,,547,FALSE,FALSE,DENIED,FALSE,FALSE,
862929,5/9/26,5/1/26,73708,NorthEast,F,,2500,300,1500,1500,0.531721771,,563,FALSE,FALSE,DENIED,FALSE,FALSE,
429833,5/9/26,5/1/26,37647,SouthEast,D,,2000,1320,1320,1320,0.209721327,,536,TRUE,FALSE,INACTIVE,FALSE,FALSE,
127532,5/9/26,5/1/26,54008,SouthEast,E,,2400,1290,1500,1500,0.211258858,,612,TRUE,FALSE,INACTIVE,TRUE,TRUE,FALSE
632777,5/9/26,5/1/26,73708,NorthEast,E,,2500,1610,1610,1610,0.192579195,,592,TRUE,FALSE,INACTIVE,FALSE,FALSE,
284298,5/10/26,5/1/26,63956,NorthEast,B,A,2300,3190,3190,3190,0.106411316,0.064202182,571,TRUE,FALSE,COMPLETE,TRUE,TRUE,TRUE
458516,5/10/26,5/1/26,75063,NorthEast,C,B,2600,2330,2330,2330,0.150226042,0.105670825,613,TRUE,FALSE,COMPLETE,TRUE,TRUE,TRUE
358212,5/10/26,5/1/26,78469,SouthEast,E,,5000,1740,1740,1740,0.18515572,,569,TRUE,FALSE,INACTIVE,FALSE,FALSE,
580383,5/10/26,5/1/26,87502,NorthEast,F,,2300,430,1500,1500,0.281904429,,,TRUE,FALSE,INACTIVE,FALSE,FALSE,
927186,5/10/26,5/1/26,75063,NorthEast,C,,1900,1850,1900,1900,0.178363979,,,TRUE,FALSE,INACTIVE,FALSE,FALSE,
142904,5/11/26,5/1/26,54008,SouthEast,F,,2000,300,1500,1500,0.470398426,,544,FALSE,FALSE,DENIED,FALSE,FALSE,
322015,5/12/26,5/1/26,73708,NorthEast,F,,3000,300,1500,1500,0.300248265,,562,TRUE,FALSE,INACTIVE,FALSE,FALSE,
443626,5/12/26,5/1/26,73708,NorthEast,D,,3000,1620,1620,1620,0.191900477,,601,TRUE,FALSE,INACTIVE,FALSE,FALSE,
630548,5/12/26,5/1/26,56437,SouthEast,B,,2500,3410,3410,3410,0.09594775,,591,TRUE,FALSE,INACTIVE,FALSE,FALSE,
427524,5/12/26,5/1/26,91050,NorthEast,B,,5087,5000,5000,5000,0.038059857,,593,TRUE,FALSE,INACTIVE,FALSE,FALSE,
326562,5/12/26,5/1/26,54008,SouthEast,B,B,2200,3370,3370,3370,0.097739697,0.079467364,602,TRUE,FALSE,COMPLETE,TRUE,TRUE,TRUE
454569,5/13/26,5/1/26,54008,SouthEast,F,,1800,300,1500,1500,0.519193292,,575,FALSE,FALSE,DENIED,FALSE,FALSE,
17964,5/13/26,5/1/26,49344,West,A,A,2800,4170,4170,4170,0.06862016,0.033038523,559,TRUE,FALSE,COMPLETE,TRUE,TRUE,TRUE
285362,5/13/26,5/1/26,82928,SouthEast,F,,2800,820,820,820,0.245096862,,538,TRUE,FALSE,INACTIVE,FALSE,FALSE,
606605,5/13/26,5/1/26,37643,SouthEast,F,,914.49,300,1500,1500,0.326046348,,525,TRUE,TRUE,INACTIVE,FALSE,FALSE,
103848,5/13/26,5/1/26,49344,West,F,F,1800,300,1500,1500,0.389370799,0.377068192,538,TRUE,FALSE,COMPLETE,TRUE,TRUE,TRUE
617031,5/13/26,5/1/26,79705,West,F,,2500,300,1500,1500,0.456044257,,546,FALSE,FALSE,DENIED,FALSE,FALSE,
193739,5/14/26,5/1/26,56437,SouthEast,F,F,2250,300,1500,1500,0.380746275,0.329170585,545,TRUE,FALSE,COMPLETE,TRUE,TRUE,TRUE
215952,5/14/26,5/1/26,69568,West,D,,2000,990,1500,1500,0.228943169,,619,TRUE,FALSE,INACTIVE,FALSE,FALSE,
586168,5/14/26,5/1/26,91050,NorthEast,F,E,2250,1010,1500,1500,0.227870092,0.243530765,561,TRUE,FALSE,COMPLETE,TRUE,TRUE,TRUE
547331,5/15/26,5/1/26,69568,West,F,,1900,300,1500,1500,0.374400765,,595,FALSE,FALSE,DENIED,FALSE,FALSE,
154722,5/15/26,5/1/26,56437,SouthEast,F,,2500,300,1500,1500,0.45527178,,541,FALSE,FALSE,DENIED,FALSE,FALSE,
351841,5/16/26,5/1/26,75061,NorthEast,D,,2200,1100,1500,1500,0.222780675,,,TRUE,FALSE,INACTIVE,FALSE,FALSE,
256173,5/16/26,5/1/26,54008,SouthEast,B,C,3000,3230,3230,3230,0.104539938,0.154572457,589,TRUE,FALSE,COMPLETE,TRUE,TRUE,TRUE
854801,5/16/26,5/1/26,56437,SouthEast,C,,1600,1480,1600,1600,0.200525835,,,TRUE,FALSE,INACTIVE,FALSE,FALSE,
208406,5/16/26,5/1/26,75983,NorthEast,B,A,2250,5000,5000,5000,0.039952837,0.030534988,597,TRUE,FALSE,COMPLETE,TRUE,TRUE,TRUE
257463,5/16/26,5/1/26,71513,West,F,,2300,300,1500,1500,0.682547331,,515,FALSE,FALSE,DENIED,FALSE,FALSE,
260946,5/16/26,5/1/26,91050,NorthEast,F,E,2348,800,1500,1500,0.246463299,0.25710693,562,TRUE,TRUE,COMPLETE,TRUE,TRUE,TRUE
560055,5/16/26,5/1/26,73231,West,B,,2100,3370,3370,3370,0.09774439,,606,TRUE,FALSE,INACTIVE,TRUE,TRUE,FALSE
577117,5/16/26,5/1/26,78469,SouthEast,D,D,6000,1410,1500,1500,0.204519406,0.222194776,530,TRUE,FALSE,COMPLETE,TRUE,TRUE,TRUE
517882,5/16/26,5/1/26,49344,West,E,,3000,300,1500,1500,0.301295727,,623,TRUE,FALSE,PREQUALIFIED,FALSE,FALSE,
130642,5/17/26,5/1/26,37647,SouthEast,C,,2500,1950,1950,1950,0.172278211,,572,TRUE,FALSE,INACTIVE,FALSE,FALSE,
53695,5/17/26,5/1/26,49344,West,B,,2100,4330,4330,4330,0.064030372,,567,TRUE,FALSE,PREQUALIFIED,FALSE,FALSE,
396585,5/18/26,5/1/26,65790,West,E,,1900,1570,1570,1570,0.194997296,,,TRUE,FALSE,INACTIVE,FALSE,FALSE,
787205,5/18/26,5/1/26,49344,West,E,,2500,610,1500,1500,0.264977336,,562,TRUE,FALSE,PREQUALIFIED,FALSE,FALSE,
857665,5/18/26,5/1/26,37648,SouthWest,F,,2700,300,1500,1500,0.4870978,,535,FALSE,FALSE,DENIED,FALSE,FALSE,
653895,5/19/26,5/1/26,37643,SouthEast,E,,2600,530,1500,1500,0.272770226,,488,TRUE,FALSE,INACTIVE,FALSE,FALSE,
687119,5/19/26,5/1/26,56437,SouthEast,F,,2500,300,1500,1500,0.425222218,,446,TRUE,FALSE,INACTIVE,FALSE,FALSE,
594265,5/20/26,5/1/26,51515,MidWest,D,,2000,1680,1680,1680,0.18851541,,568,TRUE,FALSE,INACTIVE,FALSE,FALSE,
962409,5/20/26,5/1/26,37648,SouthWest,F,,2600,300,1500,1500,0.307076931,,548,TRUE,FALSE,INACTIVE,FALSE,FALSE,
485723,5/21/26,5/1/26,107312,MidWest,B,B,2776.65,3230,3230,3230,0.104676954,0.083724149,603,TRUE,FALSE,COMPLETE,TRUE,TRUE,TRUE
234364,5/21/26,5/1/26,87502,NorthEast,F,,2600,300,1500,1500,0.326133549,,,TRUE,TRUE,INACTIVE,FALSE,FALSE,
96240,5/21/26,5/1/26,82928,SouthEast,D,C,1800,1600,1600,1600,0.193458363,0.160439119,528,TRUE,FALSE,COMPLETE,TRUE,TRUE,TRUE
720464,5/21/26,5/1/26,37647,SouthEast,F,,1800,490,490,490,0.276519895,,546,FALSE,FALSE,DENIED,FALSE,FALSE,
274147,5/22/26,5/1/26,82928,SouthEast,C,B,2400,2360,2400,2400,0.148096427,0.137237549,533,TRUE,FALSE,INACTIVE,TRUE,TRUE,FALSE
837912,5/22/26,5/1/26,95737,NorthEast,B,A,3000,4610,4610,4610,0.05607383,0.055435866,596,TRUE,FALSE,COMPLETE,TRUE,TRUE,TRUE
467484,5/23/26,5/1/26,75063,NorthEast,A,,2250,5000,5000,5000,0.028205618,,606,TRUE,FALSE,INACTIVE,FALSE,FALSE,
539140,5/23/26,5/1/26,107312,MidWest,C,B,1265,3560,3560,3560,0.088642664,0.135263965,599,TRUE,FALSE,COMPLETE,TRUE,TRUE,TRUE
771991,5/23/26,5/1/26,98538,MidWest,F,,1900,300,500,500,0.324786037,,539,FALSE,FALSE,DENIED,FALSE,FALSE,
356640,5/23/26,5/1/26,56437,SouthEast,E,C,2600,730,1500,1500,0.253799021,0.176354766,589,TRUE,FALSE,COMPLETE,TRUE,TRUE,TRUE
842539,5/23/26,5/1/26,107312,MidWest,B,B,1265,3800,3800,3800,0.079030752,0.117928594,599,TRUE,FALSE,INACTIVE,TRUE,TRUE,FALSE
102850,5/24/26,5/1/26,37648,SouthWest,E,C,3000,1210,1500,1500,0.216136724,0.183849871,544,TRUE,FALSE,COMPLETE,TRUE,TRUE,TRUE
391146,5/24/26,5/1/26,85890,West,C,D,1599,2070,2070,2070,0.165482089,0.231202811,556,TRUE,FALSE,COMPLETE,TRUE,TRUE,TRUE
540747,5/24/26,5/1/26,56437,SouthEast,B,,3000,3850,3850,3850,0.077683702,,584,TRUE,FALSE,INACTIVE,FALSE,FALSE,
322795,5/25/26,5/1/26,75983,NorthEast,F,,1900,300,1500,1500,0.383885235,,535,FALSE,FALSE,DENIED,FALSE,FALSE,
174594,5/25/26,5/1/26,75983,NorthEast,F,,1900,300,1500,1500,0.369566798,,535,FALSE,FALSE,DENIED,FALSE,FALSE,
356143,5/25/26,5/1/26,75063,NorthEast,B,A,1874,4980,4980,4980,0.04545572,0.056537896,592,TRUE,FALSE,COMPLETE,TRUE,TRUE,TRUE
483427,5/25/26,5/1/26,75983,NorthEast,F,,1900,300,1500,1500,0.354883879,,535,FALSE,FALSE,DENIED,FALSE,FALSE,
191134,5/25/26,5/1/26,107312,MidWest,C,,2500,3220,3220,3220,0.104822062,,592,TRUE,FALSE,INACTIVE,FALSE,FALSE,
88131,5/25/26,5/1/26,77604,NorthEast,D,,3000,700,1500,1500,0.256358683,,,TRUE,FALSE,INACTIVE,FALSE,FALSE,
828243,5/25/26,5/1/26,77597,MidWest,F,,3700,300,1500,1500,0.497347564,,554,FALSE,FALSE,DENIED,FALSE,FALSE,
521218,5/26/26,5/1/26,91050,NorthEast,D,C,2500,1610,1610,1610,0.192330316,0.171674803,,TRUE,FALSE,COMPLETE,TRUE,TRUE,TRUE
737962,5/26/26,5/1/26,77592,NorthEast,B,,1962.56,4500,4500,4500,0.059212614,,591,TRUE,FALSE,INACTIVE,FALSE,FALSE,
875374,5/26/26,5/1/26,75983,NorthEast,F,,1900,510,1500,1500,0.274213791,,532,TRUE,FALSE,INACTIVE,FALSE,FALSE,
763738,5/26/26,5/1/26,49344,West,B,,3500,4420,4420,4420,0.061647914,,606,TRUE,FALSE,PREQUALIFIED,FALSE,FALSE,
875206,5/27/26,5/1/26,98543,MidWest,F,,2000,300,500,500,0.51229614,,559,FALSE,FALSE,DENIED,FALSE,FALSE,
977658,5/27/26,5/1/26,77599,NorthEast,B,,1700,4070,4070,4070,0.071423821,,594,TRUE,FALSE,INACTIVE,FALSE,FALSE,
544943,5/27/26,5/1/26,39556,West,D,,2300,1060,1500,1500,0.225200638,,449,TRUE,FALSE,APPROVED,TRUE,TRUE,FALSE
771687,5/27/26,5/1/26,73708,NorthEast,F,,2550,300,1500,1500,0.524166882,,569,FALSE,FALSE,DENIED,FALSE,FALSE,
8285,5/27/26,5/1/26,79705,West,F,,2500,300,1500,1500,0.311103761,,,TRUE,FALSE,INACTIVE,FALSE,FALSE,
240448,5/27/26,5/1/26,82928,SouthEast,E,,1200,890,890,890,0.23838757,,539,TRUE,FALSE,INACTIVE,FALSE,FALSE,
858010,5/27/26,5/1/26,82928,SouthEast,F,,1800,300,500,500,0.424700618,,485,FALSE,FALSE,DENIED,FALSE,FALSE,
413423,5/28/26,5/1/26,95737,NorthEast,F,,3000,770,1500,1500,0.249773338,,,TRUE,FALSE,INACTIVE,FALSE,FALSE,
552277,5/28/26,5/1/26,37647,SouthEast,F,,2000,300,300,300,0.388522387,,527,FALSE,FALSE,DENIED,FALSE,FALSE,
278555,5/28/26,5/1/26,71513,West,C,,1800,3490,3490,3490,0.092126921,,583,TRUE,FALSE,INACTIVE,FALSE,FALSE,
310107,5/28/26,5/1/26,75063,NorthEast,B,,2250,3590,3590,3590,0.087055728,,604,TRUE,FALSE,INACTIVE,FALSE,FALSE,
733512,5/28/26,5/1/26,56437,SouthEast,D,E,2500,1040,1500,1500,0.226341516,0.256223679,,TRUE,FALSE,COMPLETE,TRUE,TRUE,TRUE
648636,5/28/26,5/1/26,109797,West,E,,589,1760,1760,1760,0.183848828,,,TRUE,FALSE,INACTIVE,FALSE,FALSE,
699062,5/28/26,5/1/26,85031,NorthEast,F,,5300,300,1500,1500,0.304945081,,,TRUE,FALSE,INACTIVE,FALSE,FALSE,
151881,5/28/26,5/1/26,37647,SouthEast,F,,2000,300,300,300,0.381370634,,544,FALSE,FALSE,DENIED,FALSE,FALSE,
181002,5/28/26,5/1/26,85031,NorthEast,D,,5300,1400,1500,1500,0.205119953,,,TRUE,FALSE,INACTIVE,FALSE,FALSE,
408183,5/29/26,5/1/26,85031,NorthEast,F,,2100,300,1500,1500,0.398993701,,510,TRUE,FALSE,INACTIVE,FALSE,FALSE,
162311,5/29/26,5/1/26,95737,NorthEast,D,,2700,1310,1500,1500,0.210448191,,488,TRUE,FALSE,INACTIVE,FALSE,FALSE,
550965,5/29/26,5/1/26,91050,NorthEast,F,,4500,1330,1500,1500,0.208965868,,489,TRUE,FALSE,INACTIVE,FALSE,FALSE,
660358,5/29/26,5/1/26,37641,MidWest,F,,2000,300,1500,1500,0.311592191,,548,TRUE,FALSE,COMPLETE,TRUE,TRUE,TRUE
721535,5/29/26,5/1/26,75063,NorthEast,B,A,2378,3290,3290,3290,0.10166724,0.048682161,608,TRUE,FALSE,COMPLETE,TRUE,TRUE,TRUE
957229,5/29/26,5/1/26,91050,NorthEast,F,,2474,300,1500,1500,0.605463207,,546,FALSE,FALSE,DENIED,FALSE,FALSE,
327175,5/29/26,5/1/26,91050,NorthEast,F,,4500,1330,1500,1500,0.208965868,,489,TRUE,FALSE,INACTIVE,FALSE,FALSE,
2437,5/29/26,5/1/26,85031,NorthEast,B,,2600,4350,4350,4350,0.063522778,,630,TRUE,FALSE,INACTIVE,FALSE,FALSE,
251441,5/29/26,5/1/26,93461,NorthEast,C,,2125,2810,2810,2810,0.124964066,,564,TRUE,FALSE,INACTIVE,FALSE,FALSE,
634931,5/30/26,5/1/26,98395,NorthEast,A,,3000,5000,5000,5000,0.039388597,,603,TRUE,FALSE,INACTIVE,FALSE,FALSE,
124773,5/30/26,5/1/26,105893,NorthEast,B,,3000,5000,5000,5000,0.03516214,,590,TRUE,FALSE,INACTIVE,FALSE,FALSE,
55237,5/30/26,5/1/26,37647,SouthEast,B,B,2500,3600,3600,3600,0.086607404,0.14185375,591,TRUE,FALSE,COMPLETE,TRUE,TRUE,TRUE
118111,5/30/26,5/1/26,77592,NorthEast,D,,1300,1390,1500,1500,0.205332145,,582,TRUE,FALSE,INACTIVE,FALSE,FALSE,
146726,5/30/26,5/1/26,91050,NorthEast,B,,2250,5000,5000,5000,0.032090053,,597,TRUE,FALSE,INACTIVE,FALSE,FALSE,
619695,5/30/26,5/1/26,91050,NorthEast,B,,2474,4540,4540,4540,0.058222085,,587,TRUE,FALSE,INACTIVE,FALSE,FALSE,
796425,5/30/26,5/1/26,77603,NorthEast,B,A,2075,4580,4580,4580,0.056935735,0.05560752,611,TRUE,FALSE,COMPLETE,TRUE,TRUE,TRUE
771516,5/30/26,5/1/26,75063,NorthEast,B,,2250,4650,4650,4650,0.055035997,,578,TRUE,FALSE,INACTIVE,FALSE,FALSE,
357304,5/30/26,5/1/26,77604,NorthEast,F,C,2500,320,1500,1500,0.292267084,0.190661326,488,TRUE,FALSE,COMPLETE,TRUE,TRUE,TRUE
265574,5/30/26,5/1/26,107312,MidWest,C,B,2300,2830,2830,2830,0.123822153,0.116466425,572,TRUE,FALSE,COMPLETE,TRUE,TRUE,TRUE
41777,5/30/26,5/1/26,75063,NorthEast,F,,2250,560,1500,1500,0.269817322,,550,TRUE,FALSE,INACTIVE,FALSE,FALSE,
127876,5/30/26,5/1/26,54008,SouthEast,F,,2500,300,1500,1500,0.463490427,,487,FALSE,FALSE,DENIED,FALSE,FALSE,
574194,5/30/26,5/1/26,91050,NorthEast,D,,2378,1720,1720,1720,0.186168924,,,TRUE,FALSE,INACTIVE,FALSE,FALSE,
361984,5/31/26,5/1/26,77600,NorthEast,C,,3000,3480,3480,3480,0.092667937,,573,TRUE,FALSE,INACTIVE,FALSE,FALSE,
925587,5/31/26,5/1/26,95737,NorthEast,B,,2600,4250,4250,4250,0.066428043,,580,TRUE,FALSE,INACTIVE,FALSE,FALSE,
708431,5/31/26,5/1/26,69568,West,A,A,1200,5000,5000,5000,0.030127076,0.035516813,614,TRUE,FALSE,COMPLETE,TRUE,TRUE,TRUE
151432,5/31/26,5/1/26,56437,SouthEast,F,,2199,300,1500,1500,0.491826266,,556,FALSE,FALSE,DENIED,FALSE,FALSE,
266157,5/31/26,5/1/26,77597,MidWest,F,,2500,300,1500,1500,0.606422663,,486,FALSE,FALSE,DENIED,FALSE,FALSE,
608923,5/31/26,5/1/26,77604,NorthEast,C,,6000,3280,3280,3280,0.102318637,,559,TRUE,FALSE,INACTIVE,FALSE,FALSE,
867092,6/1/26,6/1/26,73231,West,F,,2500,300,1500,1500,0.366356254,,520,FALSE,FALSE,DENIED,FALSE,FALSE,
157314,6/1/26,6/1/26,77592,NorthEast,F,,2000,300,1500,1500,0.485384554,,559,FALSE,FALSE,DENIED,FALSE,FALSE,
639108,6/1/26,6/1/26,37643,SouthEast,B,C,2700,3820,3820,3820,0.078604147,0.159739777,590,TRUE,FALSE,APPROVED,TRUE,TRUE,FALSE
91187,6/1/26,6/1/26,75063,NorthEast,C,,2400,3100,3100,3100,0.110902384,,590,TRUE,FALSE,INACTIVE,FALSE,FALSE,
174029,6/1/26,6/1/26,54008,SouthEast,F,F,2600,300,1500,1500,0.403583318,0.589216411,552,TRUE,FALSE,DENIED,TRUE,FALSE,
236982,6/1/26,6/1/26,109797,West,E,,2500,1140,1140,1140,0.220173672,,,TRUE,FALSE,INACTIVE,FALSE,FALSE,
700326,6/1/26,6/1/26,37644,SouthEast,D,,2500,2570,2570,2570,0.136511907,,565,TRUE,FALSE,INACTIVE,FALSE,FALSE,
249049,6/1/26,6/1/26,63956,NorthEast,F,,2100,300,1500,1500,0.314952552,,534,TRUE,TRUE,INACTIVE,FALSE,FALSE,
851893,6/2/26,6/1/26,54008,SouthEast,F,E,1792,300,1500,1500,0.379941434,0.236645445,582,TRUE,FALSE,COMPLETE,TRUE,TRUE,TRUE
836346,6/2/26,6/1/26,39556,West,F,,2000,1010,1500,1500,0.227899432,,589,TRUE,FALSE,INACTIVE,FALSE,FALSE,
121103,6/2/26,6/1/26,77604,NorthEast,B,,1100,4310,4310,4310,0.064557768,,580,TRUE,FALSE,COMPLETE,TRUE,TRUE,TRUE
998367,6/3/26,6/1/26,77602,NorthEast,F,,2075,300,1500,1500,0.425168782,,518,FALSE,FALSE,DENIED,FALSE,FALSE,
162013,6/3/26,6/1/26,91050,NorthEast,C,,2250,2310,2310,2310,0.151175037,,571,TRUE,FALSE,INACTIVE,FALSE,FALSE,
502662,6/3/26,6/1/26,37643,SouthEast,C,,1800,3560,3560,3560,0.088677056,,586,TRUE,FALSE,INACTIVE,FALSE,FALSE,
983685,6/3/26,6/1/26,98538,MidWest,B,,3000,4080,4080,4080,0.071262851,,600,TRUE,FALSE,INACTIVE,FALSE,FALSE,
83549,6/3/26,6/1/26,75061,NorthEast,D,,2600,1950,1950,1950,0.172649726,,578,TRUE,FALSE,INACTIVE,FALSE,FALSE,
885971,6/3/26,6/1/26,49344,West,F,,2800,300,1500,1500,0.434671491,,543,FALSE,FALSE,DENIED,FALSE,FALSE,
317651,6/4/26,6/1/26,37647,SouthEast,E,B,2500,1530,1530,1530,0.197013199,0.098090716,,TRUE,FALSE,COMPLETE,TRUE,TRUE,TRUE
849273,6/4/26,6/1/26,87443,NorthEast,F,D,3100,1160,1500,1500,0.219336882,0.21162878,545,TRUE,FALSE,COMPLETE,TRUE,TRUE,TRUE
579463,6/4/26,6/1/26,78467,NorthEast,F,,1900,300,1500,1500,0.360193253,,518,TRUE,TRUE,INACTIVE,FALSE,FALSE,
989619,6/4/26,6/1/26,98538,MidWest,B,,1905,4390,4390,4390,0.062413245,,588,TRUE,TRUE,INACTIVE,FALSE,FALSE,
68788,6/4/26,6/1/26,79705,West,F,,1800,300,1500,1500,0.412480593,,522,FALSE,FALSE,DENIED,FALSE,FALSE,
336333,6/4/26,6/1/26,77593,NorthEast,F,,850,750,1500,1500,0.250990987,,575,TRUE,FALSE,INACTIVE,FALSE,FALSE,
61177,6/4/26,6/1/26,49344,West,B,A,2400,5000,5000,5000,0.03675985,0.024622614,606,TRUE,FALSE,COMPLETE,TRUE,TRUE,TRUE
47007,6/4/26,6/1/26,77593,NorthEast,F,,1850,490,1500,1500,0.27622807,,449,TRUE,FALSE,INACTIVE,FALSE,FALSE,
63743,6/4/26,6/1/26,91045,SouthEast,F,,3000,300,1500,1500,0.330922335,,546,FALSE,FALSE,DENIED,FALSE,FALSE,
289229,6/5/26,6/1/26,77604,NorthEast,D,B,5000,2790,2790,2790,0.125856146,0.087148301,567,TRUE,FALSE,COMPLETE,TRUE,TRUE,TRUE
898264,6/5/26,6/1/26,77604,NorthEast,C,,5000,2390,2390,2390,0.146499082,,579,TRUE,FALSE,INACTIVE,FALSE,FALSE,
65916,6/5/26,6/1/26,37647,SouthEast,B,,3000,5000,5000,5000,0.032492105,,612,TRUE,FALSE,INACTIVE,FALSE,FALSE,
368200,6/5/26,6/1/26,77593,NorthEast,G,,1850,300,1500,1500,0.723955393,,503,FALSE,FALSE,DENIED,FALSE,FALSE,
352068,6/5/26,6/1/26,105893,NorthEast,E,,2250,1480,1480,1480,0.200154722,,,TRUE,FALSE,INACTIVE,FALSE,FALSE,
78560,6/5/26,6/1/26,56437,SouthEast,F,,2500,300,1500,1500,0.418489903,,483,TRUE,FALSE,INACTIVE,FALSE,FALSE,
2219,6/6/26,6/1/26,37647,SouthEast,A,A,2500,5000,5000,5000,0.025001023,0.018445484,599,TRUE,FALSE,COMPLETE,TRUE,TRUE,TRUE
539395,6/6/26,6/1/26,78469,SouthEast,B,A,2100,3600,3600,3600,0.086692967,0.070492782,632,TRUE,FALSE,COMPLETE,TRUE,TRUE,TRUE
834845,6/6/26,6/1/26,37643,SouthEast,E,,1800,590,1500,1500,0.266372114,,587,TRUE,FALSE,INACTIVE,FALSE,FALSE,
719430,6/6/26,6/1/26,77604,NorthEast,F,,2500,950,1500,1500,0.231973335,,,TRUE,FALSE,INACTIVE,FALSE,FALSE,
583774,6/6/26,6/1/26,98538,MidWest,F,,2500,660,1500,1500,0.260400891,,,TRUE,FALSE,INACTIVE,FALSE,FALSE,
316469,6/6/26,6/1/26,77594,NorthEast,B,,2075,3400,3400,3400,0.096458308,,572,TRUE,FALSE,INACTIVE,FALSE,FALSE,
217354,6/6/26,6/1/26,91050,NorthEast,F,,2000,300,1500,1500,0.305374295,,602,TRUE,FALSE,INACTIVE,FALSE,FALSE,
203305,6/6/26,6/1/26,82928,SouthEast,F,,1900,300,500,500,0.383046418,,526,TRUE,FALSE,INACTIVE,FALSE,FALSE,
890112,6/6/26,6/1/26,37643,SouthEast,F,,2600,300,1500,1500,0.515616894,,530,FALSE,FALSE,DENIED,FALSE,FALSE,
214732,6/6/26,6/1/26,56437,SouthEast,B,,2500,5000,5000,5000,0.03695181,,603,TRUE,FALSE,INACTIVE,FALSE,FALSE,
652770,6/6/26,6/1/26,82928,SouthEast,A,A,2500,5000,5000,5000,0.028169617,0.01969029,606,TRUE,FALSE,APPROVED,TRUE,TRUE,FALSE
29964,6/6/26,6/1/26,79705,West,D,,1000,3260,3260,3260,0.1031617,,564,TRUE,FALSE,INACTIVE,FALSE,FALSE,
701495,6/6/26,6/1/26,37648,SouthWest,F,C,3000,470,1500,1500,0.278058559,0.164675772,544,TRUE,TRUE,COMPLETE,TRUE,TRUE,TRUE
669033,6/6/26,6/1/26,39556,West,B,B,2000,3270,3270,3270,0.102704473,0.081942834,611,TRUE,FALSE,COMPLETE,TRUE,TRUE,TRUE
432324,6/6/26,6/1/26,98395,NorthEast,C,A,2000,3190,3190,3190,0.106531657,0.065585509,583,TRUE,FALSE,COMPLETE,TRUE,TRUE,TRUE
962354,6/6/26,6/1/26,75063,NorthEast,F,C,1900,1070,1500,1500,0.224374294,0.143298641,559,TRUE,FALSE,APPROVED,TRUE,TRUE,FALSE
355700,6/7/26,6/1/26,37648,SouthWest,E,F,2500,300,1500,1500,0.34072566,0.287781119,583,TRUE,FALSE,COMPLETE,TRUE,TRUE,TRUE
914590,6/7/26,6/1/26,65790,West,C,,2500,3700,3700,3700,0.082125843,,561,TRUE,FALSE,INACTIVE,FALSE,FALSE,
793949,6/7/26,6/1/26,107312,MidWest,B,A,2771.3,3510,3510,3510,0.091221921,0.072848238,591,TRUE,FALSE,COMPLETE,TRUE,TRUE,TRUE
225778,6/7/26,6/1/26,63956,NorthEast,E,,2400,1360,1500,1500,0.207640529,,,TRUE,FALSE,INACTIVE,FALSE,FALSE,
409685,6/7/26,6/1/26,98546,SouthEast,F,,2500,300,1500,1500,0.533765554,,507,FALSE,FALSE,DENIED,FALSE,FALSE,
593118,6/7/26,6/1/26,109797,West,E,,2500,930,930,930,0.234131083,,524,TRUE,FALSE,INACTIVE,FALSE,FALSE,
215292,6/8/26,6/1/26,37643,SouthEast,F,,2100,1210,1500,1500,0.216084555,,,TRUE,FALSE,APPROVED,TRUE,TRUE,FALSE
779648,6/8/26,6/1/26,77597,MidWest,F,,3000,300,1500,1500,0.381085932,,557,FALSE,FALSE,DENIED,FALSE,FALSE,
529838,6/8/26,6/1/26,77604,NorthEast,B,,3500,4830,4830,4830,0.049753841,,602,TRUE,FALSE,INACTIVE,FALSE,FALSE,
399718,6/8/26,6/1/26,78469,SouthEast,F,,6000,300,1500,1500,0.549653113,,539,FALSE,FALSE,DENIED,FALSE,FALSE,
673011,6/8/26,6/1/26,69568,West,F,,2000,320,1500,1500,0.292502314,,526,TRUE,FALSE,INACTIVE,FALSE,FALSE,
760834,6/8/26,6/1/26,77603,NorthEast,E,,2075,2960,2960,2960,0.117476732,,588,TRUE,FALSE,INACTIVE,FALSE,FALSE,
302296,6/8/26,6/1/26,49168,West,F,,2100,640,1500,1500,0.262378782,,,TRUE,FALSE,INACTIVE,FALSE,FALSE,
521573,6/8/26,6/1/26,77604,NorthEast,B,,2200,3650,3650,3650,0.084289141,,590,TRUE,FALSE,INACTIVE,FALSE,FALSE,
3589,6/9/26,6/1/26,98543,MidWest,E,,2100,1000,1500,1500,0.228490949,,,TRUE,FALSE,INACTIVE,FALSE,FALSE,
887089,6/9/26,6/1/26,75063,NorthEast,F,,2250,300,1500,1500,0.39579016,,551,FALSE,FALSE,DENIED,FALSE,FALSE,
721476,6/9/26,6/1/26,105893,NorthEast,E,,1900,2340,2340,2340,0.149406105,,574,TRUE,FALSE,INACTIVE,FALSE,FALSE,
871457,6/9/26,6/1/26,73708,NorthEast,F,,2500,300,1500,1500,0.380751222,,,TRUE,FALSE,INACTIVE,FALSE,FALSE,
424670,6/9/26,6/1/26,77598,NorthEast,F,D,2773,660,1500,1500,0.259987026,0.210041031,554,TRUE,FALSE,COMPLETE,TRUE,TRUE,TRUE
211744,6/9/26,6/1/26,105893,NorthEast,B,,1900,4410,4410,4410,0.061666105,,574,TRUE,FALSE,INACTIVE,FALSE,FALSE,
995110,6/9/26,6/1/26,91049,SouthEast,F,B,5000,2060,2060,2060,0.166140676,0.118981287,582,TRUE,FALSE,APPROVED,TRUE,TRUE,FALSE
959958,6/9/26,6/1/26,105893,NorthEast,C,,1900,3270,3270,3270,0.102867231,,574,TRUE,FALSE,INACTIVE,FALSE,FALSE,
329420,6/9/26,6/1/26,73708,NorthEast,F,,2500,300,1500,1500,0.394560844,,,TRUE,FALSE,INACTIVE,FALSE,FALSE,
838463,6/10/26,6/1/26,73231,West,E,,1650,1320,1650,1650,0.209852904,,586,TRUE,FALSE,INACTIVE,FALSE,FALSE,
744942,6/10/26,6/1/26,87443,NorthEast,F,,2650,780,1500,1500,0.248331159,,,TRUE,FALSE,INACTIVE,FALSE,FALSE,
118756,6/10/26,6/1/26,91050,NorthEast,F,,2250,300,1500,1500,0.662946045,,497,FALSE,FALSE,DENIED,FALSE,FALSE,
647156,6/10/26,6/1/26,56437,SouthEast,B,,2500,3850,3850,3850,0.077662937,,585,TRUE,FALSE,INACTIVE,FALSE,FALSE,
421007,6/10/26,6/1/26,73231,West,E,,1650,1320,1650,1650,0.209852904,,586,TRUE,FALSE,INACTIVE,FALSE,FALSE,
813326,6/10/26,6/1/26,56437,SouthEast,F,,2500,300,1500,1500,0.534601092,,538,FALSE,FALSE,DENIED,FALSE,FALSE,
394758,6/10/26,6/1/26,69568,West,F,,1800,300,1500,1500,0.612631083,,569,FALSE,FALSE,DENIED,FALSE,FALSE,
639386,6/10/26,6/1/26,77604,NorthEast,E,B,2075,3010,3010,3010,0.11528144,0.120062388,560,TRUE,FALSE,COMPLETE,TRUE,TRUE,TRUE
405993,6/10/26,6/1/26,69568,West,E,,2700,2100,2100,2100,0.163457856,,595,TRUE,FALSE,INACTIVE,FALSE,FALSE,
54837,6/11/26,6/1/26,75061,NorthEast,D,,2600,1390,1500,1500,0.205518037,,576,TRUE,FALSE,INACTIVE,FALSE,FALSE,
423625,6/11/26,6/1/26,79705,West,F,,2400,300,1500,1500,0.393551648,,576,FALSE,FALSE,DENIED,FALSE,FALSE,
147162,6/11/26,6/1/26,71513,West,F,,2700,300,1500,1500,0.297689974,,540,TRUE,FALSE,INACTIVE,FALSE,FALSE,
960911,6/11/26,6/1/26,75061,NorthEast,D,,2600,1390,1500,1500,0.205518037,,576,TRUE,FALSE,INACTIVE,FALSE,FALSE,
925930,6/11/26,6/1/26,37643,SouthEast,E,D,2572,310,1500,1500,0.293754756,0.205748633,538,TRUE,FALSE,COMPLETE,TRUE,TRUE,TRUE
809220,6/11/26,6/1/26,73708,NorthEast,F,,3000,340,1500,1500,0.290472776,,567,TRUE,FALSE,INACTIVE,FALSE,FALSE,
928721,6/12/26,6/1/26,78469,SouthEast,F,,5000,300,1500,1500,0.600202918,,559,FALSE,FALSE,DENIED,FALSE,FALSE,
892294,6/12/26,6/1/26,54008,SouthEast,C,B,1500,3190,3190,3190,0.106291197,0.096178941,577,TRUE,FALSE,COMPLETE,TRUE,TRUE,TRUE
749004,6/12/26,6/1/26,77596,MidWest,F,,3500,300,1500,1500,0.593236744,,535,FALSE,FALSE,DENIED,FALSE,FALSE,
356532,6/12/26,6/1/26,54008,SouthEast,F,,2600,980,1500,1500,0.229561374,,559,TRUE,FALSE,INACTIVE,FALSE,FALSE,
666499,6/12/26,6/1/26,109797,West,B,,2500,4190,4190,4190,0.068177253,,582,TRUE,FALSE,INACTIVE,FALSE,FALSE,
295220,6/12/26,6/1/26,77596,MidWest,B,,2500,5000,5000,5000,0.034424324,,615,TRUE,FALSE,INACTIVE,FALSE,FALSE,
759292,6/13/26,6/1/26,101305,NorthEast,F,E,1600,300,1600,1600,0.295236856,0.236188516,543,TRUE,FALSE,COMPLETE,TRUE,TRUE,TRUE
296346,6/13/26,6/1/26,39554,West,F,,2500,300,1500,1500,0.525747716,,561,FALSE,FALSE,DENIED,FALSE,FALSE,
388817,6/13/26,6/1/26,91050,NorthEast,F,,2378,300,1500,1500,0.554277897,,552,FALSE,FALSE,DENIED,FALSE,FALSE,
893387,6/13/26,6/1/26,82928,SouthEast,F,,2700,590,590,590,0.267126083,,459,TRUE,FALSE,INACTIVE,FALSE,FALSE,
127768,6/13/26,6/1/26,77603,NorthEast,E,,1775,1030,1500,1500,0.226756126,,,TRUE,FALSE,INACTIVE,FALSE,FALSE,
86723,6/14/26,6/1/26,69568,West,F,,3000,300,1500,1500,0.296194553,,,TRUE,FALSE,INACTIVE,FALSE,FALSE,
522670,6/15/26,6/1/26,98546,SouthEast,F,,3000,300,1500,1500,0.415732831,,501,TRUE,FALSE,INACTIVE,FALSE,FALSE,
249867,6/15/26,6/1/26,98538,MidWest,D,,2300,1490,1500,1500,0.199640885,,,TRUE,FALSE,INACTIVE,FALSE,FALSE,
572150,6/15/26,6/1/26,75063,NorthEast,D,,2250,2570,2570,2570,0.136321157,,608,TRUE,FALSE,INACTIVE,FALSE,FALSE,
464659,6/16/26,6/1/26,85031,NorthEast,F,,2100,400,1500,1500,0.28521803,,,TRUE,FALSE,INACTIVE,FALSE,FALSE,
172553,6/16/26,6/1/26,79705,West,F,,2500,300,1500,1500,0.428168803,,570,FALSE,FALSE,DENIED,FALSE,FALSE,
559536,6/16/26,6/1/26,75063,NorthEast,F,,1900,300,1500,1500,0.304503679,,576,TRUE,FALSE,INACTIVE,FALSE,FALSE,
613386,6/16/26,6/1/26,37643,SouthEast,C,,2200,2940,2940,2940,0.118692033,,572,TRUE,FALSE,INACTIVE,FALSE,FALSE,
986111,6/16/26,6/1/26,98543,MidWest,D,B,1631,1090,1640,1640,0.223050535,0.139806211,,TRUE,FALSE,APPROVED,TRUE,TRUE,FALSE
475993,6/16/26,6/1/26,91050,NorthEast,F,F,2378,300,1500,1500,0.378543913,0.295897663,559,TRUE,FALSE,DENIED,TRUE,FALSE,
530283,6/16/26,6/1/26,37647,SouthEast,D,,2500,2790,2790,2790,0.125571817,,582,FALSE,FALSE,DENIED,FALSE,FALSE,
595445,6/16/26,6/1/26,91050,NorthEast,D,B,2250,1830,1830,1830,0.1792849,0.100999758,604,TRUE,FALSE,COMPLETE,TRUE,TRUE,TRUE
546895,6/16/26,6/1/26,54008,SouthEast,D,E,1400,1500,1500,1500,0.199269742,0.258812845,536,TRUE,FALSE,COMPLETE,TRUE,TRUE,TRUE
644069,6/17/26,6/1/26,56437,SouthEast,F,,2000,300,1500,1500,0.565891325,,530,FALSE,FALSE,DENIED,FALSE,FALSE,
724341,6/17/26,6/1/26,77598,NorthEast,C,,3500,2360,2360,2360,0.14814958,,591,TRUE,FALSE,INACTIVE,FALSE,FALSE,
492628,6/17/26,6/1/26,85031,NorthEast,F,,2075,870,1500,1500,0.239867046,,,TRUE,FALSE,INACTIVE,FALSE,FALSE,
880550,6/17/26,6/1/26,107312,MidWest,F,,2220.25,300,1500,1500,0.351714432,,506,TRUE,FALSE,INACTIVE,FALSE,FALSE,
634042,6/17/26,6/1/26,77596,MidWest,F,,1800,300,1500,1500,0.532516479,,542,FALSE,FALSE,DENIED,FALSE,FALSE,
122390,6/17/26,6/1/26,77594,NorthEast,F,,2700,510,1500,1500,0.274303854,,,TRUE,FALSE,INACTIVE,FALSE,FALSE,
116782,6/18/26,6/1/26,37647,SouthEast,F,,3000,300,300,300,0.634034991,,509,FALSE,FALSE,DENIED,FALSE,FALSE,
261824,6/18/26,6/1/26,75061,NorthEast,F,,2500,300,1500,1500,0.346869528,,584,TRUE,FALSE,INACTIVE,FALSE,FALSE,
704127,6/18/26,6/1/26,65790,West,D,,1900,1470,1500,1500,0.200622648,,560,TRUE,FALSE,INACTIVE,FALSE,FALSE,
311478,6/19/26,6/1/26,85031,NorthEast,C,,4700,3340,3340,3340,0.099316351,,582,TRUE,FALSE,INACTIVE,FALSE,FALSE,
306558,6/19/26,6/1/26,98546,SouthEast,F,,2700,300,1500,1500,0.416851282,,528,FALSE,FALSE,DENIED,FALSE,FALSE,
806563,6/19/26,6/1/26,37647,SouthEast,E,,2500,1050,1050,1050,0.225550666,,548,TRUE,FALSE,INACTIVE,FALSE,FALSE,
444489,6/19/26,6/1/26,107312,MidWest,F,D,2221,300,1500,1500,0.368247449,0.231960982,538,TRUE,TRUE,COMPLETE,TRUE,TRUE,TRUE
468652,6/20/26,6/1/26,82928,SouthEast,D,,3000,1600,1600,1600,0.193161532,,598,TRUE,FALSE,INACTIVE,FALSE,FALSE,
986346,6/20/26,6/1/26,98546,SouthEast,F,,2000,920,1500,1500,0.235571891,,,TRUE,FALSE,INACTIVE,FALSE,FALSE,
967945,6/20/26,6/1/26,85031,NorthEast,C,,2075,2370,2370,2370,0.147533968,,635,TRUE,FALSE,INACTIVE,FALSE,FALSE,
597120,6/20/26,6/1/26,91050,NorthEast,C,,2250,2490,2490,2490,0.140668437,,592,TRUE,FALSE,INACTIVE,FALSE,FALSE,
68123,6/20/26,6/1/26,37644,SouthEast,E,,2600,1500,1500,1500,0.199256241,,,TRUE,FALSE,INACTIVE,FALSE,FALSE,
132616,6/20/26,6/1/26,77604,NorthEast,F,,2500,300,1500,1500,0.383882821,,562,TRUE,FALSE,INACTIVE,FALSE,FALSE,
248607,6/20/26,6/1/26,37647,SouthEast,E,,2200,900,900,900,0.23729381,,,TRUE,FALSE,INACTIVE,FALSE,FALSE,
990362,6/20/26,6/1/26,37648,SouthWest,C,,2500,3240,3240,3240,0.104145318,,542,TRUE,FALSE,INACTIVE,FALSE,FALSE,
451841,6/20/26,6/1/26,39556,West,F,,2000,300,1500,1500,0.386777073,,541,TRUE,FALSE,INACTIVE,FALSE,FALSE,
912262,6/21/26,6/1/26,87502,NorthEast,D,,2500,2160,2160,2160,0.160112664,,552,TRUE,FALSE,INACTIVE,FALSE,FALSE,
590738,6/21/26,6/1/26,85031,NorthEast,D,,2075,2580,2580,2580,0.13567774,,577,TRUE,FALSE,INACTIVE,FALSE,FALSE,
356956,6/21/26,6/1/26,87502,NorthEast,D,,2500,2160,2160,2160,0.160112664,,552,TRUE,FALSE,INACTIVE,FALSE,FALSE,
867623,6/21/26,6/1/26,75983,NorthEast,F,,2250,300,1500,1500,0.326559842,,591,TRUE,FALSE,INACTIVE,FALSE,FALSE,
824529,6/22/26,6/1/26,75983,NorthEast,F,F,2250,300,1500,1500,0.34603259,0.317668051,541,TRUE,FALSE,DENIED,TRUE,FALSE,
79302,6/22/26,6/1/26,73708,NorthEast,F,,3000,360,1500,1500,0.288644969,,525,TRUE,FALSE,INACTIVE,FALSE,FALSE,
69630,6/22/26,6/1/26,98543,MidWest,B,,3000,4930,4930,4930,0.04702073,,588,TRUE,FALSE,INACTIVE,FALSE,FALSE,
208459,6/22/26,6/1/26,73708,NorthEast,F,,2500,610,1500,1500,0.265238971,,,TRUE,FALSE,INACTIVE,FALSE,FALSE,
521111,6/22/26,6/1/26,75063,NorthEast,F,,2250,1080,1500,1500,0.223881319,,562,TRUE,FALSE,APPROVED,TRUE,TRUE,FALSE
319342,6/22/26,6/1/26,49344,West,C,A,1800,2270,2270,2270,0.153437644,0.070579238,646,TRUE,FALSE,COMPLETE,TRUE,TRUE,TRUE
123330,6/22/26,6/1/26,85029,NorthEast,F,,1700,880,1500,1500,0.238760903,,538,TRUE,FALSE,INACTIVE,FALSE,FALSE,
152830,6/22/26,6/1/26,98538,MidWest,C,A,1800,2720,2720,2720,0.12890248,0.06185513,558,TRUE,FALSE,PENDING_DOCS,TRUE,TRUE,FALSE
384301,6/23/26,6/1/26,49344,West,E,,1800,860,1500,1500,0.240531474,,488,TRUE,FALSE,PREQUALIFIED,FALSE,FALSE,
89650,6/23/26,6/1/26,37641,MidWest,E,,2274.07,500,1500,1500,0.275107294,,554,TRUE,FALSE,PREQUALIFIED,FALSE,FALSE,
690765,6/23/26,6/1/26,56437,SouthEast,B,A,2500,4690,4690,4690,0.053775791,0.039392229,604,TRUE,FALSE,COMPLETE,TRUE,TRUE,TRUE
473145,6/23/26,6/1/26,65790,West,D,,3000,1770,1770,1770,0.183076724,,608,TRUE,FALSE,PREQUALIFIED,FALSE,FALSE,
988443,6/23/26,6/1/26,98538,MidWest,F,,2300,300,1500,1500,0.332371801,,520,TRUE,FALSE,PREQUALIFIED,FALSE,FALSE,
367876,6/24/26,6/1/26,87443,NorthEast,E,,3000,640,1500,1500,0.26162681,,,TRUE,TRUE,PREQUALIFIED,FALSE,FALSE,
881759,6/24/26,6/1/26,69568,West,D,,1867,2390,2390,2390,0.146653727,,578,TRUE,FALSE,PREQUALIFIED,FALSE,FALSE,
40081,6/24/26,6/1/26,56437,SouthEast,F,,2199,300,1500,1500,0.472406387,,536,FALSE,FALSE,DENIED,FALSE,FALSE,
347254,6/24/26,6/1/26,95737,NorthEast,B,,2500,4430,4430,4430,0.061301216,,597,TRUE,FALSE,PREQUALIFIED,FALSE,FALSE,
352482,6/24/26,6/1/26,95737,NorthEast,B,,2500,4430,4430,4430,0.061301216,,597,TRUE,FALSE,PREQUALIFIED,FALSE,FALSE,
977108,6/24/26,6/1/26,77601,NorthEast,B,A,2075,4160,4160,4160,0.068788014,0.061711457,575,TRUE,FALSE,INACTIVE,TRUE,TRUE,TRUE
347396,6/25/26,6/1/26,73231,West,F,,2500,300,1500,1500,0.372190267,,562,TRUE,FALSE,PREQUALIFIED,FALSE,FALSE,
460542,6/25/26,6/1/26,77598,NorthEast,B,,1794.95,3420,3420,3420,0.095529363,,588,TRUE,TRUE,PREQUALIFIED,FALSE,FALSE,
364249,6/25/26,6/1/26,73231,West,F,,2500,300,1500,1500,0.523961663,,515,FALSE,FALSE,DENIED,FALSE,FALSE,
829358,6/25/26,6/1/26,77593,NorthEast,F,E,750,1080,1500,1500,0.224083915,0.249797657,521,TRUE,FALSE,PENDING_DOCS,TRUE,TRUE,FALSE
569793,6/25/26,6/1/26,77597,MidWest,E,,3500,1750,1750,1750,0.184349045,,,TRUE,FALSE,PREQUALIFIED,FALSE,FALSE,
67279,6/25/26,6/1/26,79705,West,D,,2000,1630,1630,1630,0.191539541,,,TRUE,FALSE,PREQUALIFIED,FALSE,FALSE,
49753,6/26/26,6/1/26,77597,MidWest,F,,2500,300,1500,1500,0.374493599,,498,FALSE,FALSE,DENIED,FALSE,FALSE,
86317,6/26/26,6/1/26,85031,NorthEast,F,,2400,300,1500,1500,0.30320102,,537,FALSE,FALSE,DENIED,FALSE,FALSE,
71855,6/26/26,6/1/26,75061,NorthEast,E,,2600,2030,2030,2030,0.167705357,,565,TRUE,TRUE,PREQUALIFIED,FALSE,FALSE,
150933,6/26/26,6/1/26,75063,NorthEast,E,,3900,1180,1500,1500,0.218146339,,,TRUE,FALSE,PREQUALIFIED,FALSE,FALSE,
892104,6/26/26,6/1/26,77598,NorthEast,F,,2345.81,300,1500,1500,0.49595204,,561,FALSE,FALSE,DENIED,FALSE,FALSE,
663282,6/27/26,6/1/26,75061,NorthEast,C,,2600,2640,2640,2640,0.133040681,,603,TRUE,FALSE,PREQUALIFIED,FALSE,FALSE,
977135,6/27/26,6/1/26,37647,SouthEast,D,,2500,2340,2500,2500,0.149393737,,584,TRUE,FALSE,PREQUALIFIED,FALSE,FALSE,
149953,6/27/26,6/1/26,75061,NorthEast,C,,2100,1700,1700,1700,0.187008247,,566,TRUE,FALSE,PREQUALIFIED,FALSE,FALSE,
172879,6/27/26,6/1/26,73708,NorthEast,E,,2500,970,1500,1500,0.230311394,,561,TRUE,FALSE,PREQUALIFIED,FALSE,FALSE,
223983,6/27/26,6/1/26,54008,SouthEast,B,,2077,4090,4090,4090,0.071027599,,605,TRUE,FALSE,PREQUALIFIED,FALSE,FALSE,
204918,6/27/26,6/1/26,77605,SouthEast,F,,1975,300,1500,1500,0.52370739,,529,FALSE,FALSE,DENIED,FALSE,FALSE,
265383,6/27/26,6/1/26,73708,NorthEast,F,C,2500,550,1500,1500,0.270664155,0.169265106,561,TRUE,FALSE,COMPLETE,TRUE,TRUE,TRUE
70971,6/27/26,6/1/26,98395,NorthEast,B,C,1000,3450,3450,3450,0.09400633,0.169504806,570,TRUE,FALSE,COMPLETE,TRUE,TRUE,TRUE
495706,6/27/26,6/1/26,91045,SouthEast,F,F,3000,1010,1500,1500,0.227776974,0.32632345,575,TRUE,FALSE,DENIED,TRUE,FALSE,
360336,6/27/26,6/1/26,75063,NorthEast,D,C,2250,2130,2250,2250,0.161909968,0.189705953,653,TRUE,FALSE,COMPLETE,TRUE,TRUE,TRUE
44190,6/27/26,6/1/26,79705,West,C,B,2700,2500,2700,2700,0.140266523,0.0823998,570,TRUE,FALSE,PENDING,TRUE,,
367007,6/28/26,6/1/26,37643,SouthEast,F,D,2500,750,1500,1500,0.251310468,0.232069269,559,TRUE,TRUE,COMPLETE,TRUE,TRUE,TRUE
434463,6/28/26,6/1/26,71513,West,B,B,3000,4580,4580,4580,0.057058167,0.125709131,611,TRUE,FALSE,APPROVED,TRUE,TRUE,FALSE
263977,6/28/26,6/1/26,107312,MidWest,F,,2777,1390,1500,1500,0.205754444,,,TRUE,FALSE,PREQUALIFIED,FALSE,FALSE,
930342,6/28/26,6/1/26,77596,MidWest,E,,2200,1300,1500,1500,0.21084334,,,TRUE,FALSE,PREQUALIFIED,FALSE,FALSE,
693547,6/28/26,6/1/26,71513,West,B,,3000,3770,3770,3770,0.080118313,,600,TRUE,FALSE,PREQUALIFIED,FALSE,FALSE,
393491,6/28/26,6/1/26,107312,MidWest,F,B,2777,1390,1500,1500,0.205754444,0.099300869,,TRUE,FALSE,COMPLETE,TRUE,TRUE,TRUE
295306,6/28/26,6/1/26,49344,West,F,,2000,300,1500,1500,0.414874792,,506,FALSE,FALSE,DENIED,FALSE,FALSE,
183174,6/28/26,6/1/26,77599,NorthEast,C,,2009.03,3030,3030,3030,0.114014216,,569,TRUE,FALSE,PREQUALIFIED,FALSE,FALSE,
611374,6/28/26,6/1/26,69568,West,D,D,1500,910,1500,1500,0.236108109,0.214311391,585,TRUE,FALSE,COMPLETE,TRUE,TRUE,TRUE
251154,6/28/26,6/1/26,79705,West,E,,2000,1020,1500,1500,0.227588683,,,TRUE,TRUE,PREQUALIFIED,FALSE,FALSE,
229615,6/28/26,6/1/26,71513,West,B,,3000,3950,3950,3950,0.074889623,,600,TRUE,FALSE,PREQUALIFIED,FALSE,FALSE,
168189,6/29/26,6/1/26,77597,MidWest,F,E,3400,300,1500,1500,0.339423656,0.255158871,560,TRUE,TRUE,COMPLETE,TRUE,TRUE,TRUE
392684,6/29/26,6/1/26,82928,SouthEast,E,,3000,2650,2650,2650,0.132628918,,565,TRUE,FALSE,PREQUALIFIED,FALSE,FALSE,
994715,6/29/26,6/1/26,101305,NorthEast,F,F,2650,300,1500,1500,0.423855364,0.370742738,549,TRUE,FALSE,COMPLETE,TRUE,TRUE,TRUE
550533,6/29/26,6/1/26,37644,SouthEast,D,,1900,1620,1620,1620,0.191893995,,,TRUE,FALSE,PREQUALIFIED,FALSE,FALSE,
744016,6/30/26,6/1/26,54008,SouthEast,F,F,2000,300,1500,1500,0.356169701,0.352148861,542,TRUE,TRUE,DENIED,TRUE,FALSE,
907587,6/30/26,6/1/26,56437,SouthEast,F,,2500,440,1500,1500,0.281133354,,,TRUE,FALSE,PREQUALIFIED,FALSE,FALSE,
425411,6/30/26,6/1/26,98546,SouthEast,F,C,65000,300,1500,1500,0.30207029,0.177673385,488,TRUE,FALSE,COMPLETE,TRUE,TRUE,TRUE
785903,6/30/26,6/1/26,98546,SouthEast,F,C,1800,890,1500,1500,0.237963572,0.187835917,523,TRUE,FALSE,PENDING_DOCS,TRUE,TRUE,FALSE
265680,6/30/26,6/1/26,37643,SouthEast,E,E,1800,580,1500,1500,0.267554045,0.241948977,569,TRUE,FALSE,COMPLETE,TRUE,TRUE,TRUE
320051,6/30/26,6/1/26,98546,SouthEast,F,,65000,300,1500,1500,0.30842185,,488,TRUE,FALSE,PREQUALIFIED,FALSE,FALSE,
906110,6/30/26,6/1/26,49344,West,E,,2700,1110,1500,1500,0.222146198,,,TRUE,FALSE,PREQUALIFIED,FALSE,FALSE,
342759,6/30/26,6/1/26,98543,MidWest,F,,2500,300,1500,1500,0.70698446,,517,FALSE,FALSE,DENIED,FALSE,FALSE,
665658,7/1/26,7/1/26,107312,MidWest,F,,2800,300,1500,1500,0.613644421,,535,FALSE,FALSE,DENIED,FALSE,FALSE,
604024,7/1/26,7/1/26,56437,SouthEast,F,,2000,650,1500,1500,0.261161476,,,TRUE,FALSE,PREQUALIFIED,FALSE,FALSE,
283403,7/1/26,7/1/26,37643,SouthEast,F,,2600,810,1500,1500,0.245227173,,,TRUE,FALSE,PREQUALIFIED,FALSE,FALSE,
202435,7/1/26,7/1/26,54008,SouthEast,F,,2000,300,1500,1500,0.610595584,,512,FALSE,FALSE,DENIED,FALSE,FALSE,
894580,7/1/26,7/1/26,65790,West,C,,3000,3490,3490,3490,0.091911539,,564,TRUE,FALSE,PREQUALIFIED,FALSE,FALSE,
975006,7/1/26,7/1/26,95737,NorthEast,E,,3000,1640,1640,1640,0.190846458,,,TRUE,FALSE,PREQUALIFIED,FALSE,FALSE,
384860,7/1/26,7/1/26,98538,MidWest,F,,2850,300,1500,1500,0.395532846,,573,TRUE,FALSE,PREQUALIFIED,FALSE,FALSE,
63694,7/1/26,7/1/26,75983,NorthEast,F,,2300,300,1500,1500,0.294928044,,,TRUE,FALSE,PREQUALIFIED,FALSE,FALSE,
105134,7/2/26,7/1/26,37643,SouthEast,G,,2100,300,1500,1500,0.753243566,,429,FALSE,FALSE,DENIED,FALSE,FALSE,
779710,7/2/26,7/1/26,37644,SouthEast,B,,2600,4780,4780,4780,0.051130459,,605,TRUE,FALSE,PREQUALIFIED,FALSE,FALSE,
760262,7/2/26,7/1/26,91050,NorthEast,F,,2667,300,1500,1500,0.584702432,,516,FALSE,FALSE,DENIED,FALSE,FALSE,
73768,7/2/26,7/1/26,77606,SouthEast,F,,1680,300,1500,1500,0.49223879,,564,FALSE,FALSE,DENIED,FALSE,FALSE,
248111,7/3/26,7/1/26,77596,MidWest,F,,2500,300,1500,1500,0.572442353,,560,FALSE,FALSE,DENIED,FALSE,FALSE,
675697,7/3/26,7/1/26,91050,NorthEast,F,,2428,300,1500,1500,0.478342593,,560,FALSE,FALSE,DENIED,FALSE,FALSE,
384541,7/3/26,7/1/26,93461,NorthEast,F,F,1810,1270,1500,1500,0.21253483,0.304202795,503,TRUE,FALSE,COMPLETE,TRUE,TRUE,TRUE
93404,7/3/26,7/1/26,78469,SouthEast,E,,3500,1020,1500,1500,0.227653846,,,TRUE,FALSE,PREQUALIFIED,FALSE,FALSE,
929248,7/3/26,7/1/26,107312,MidWest,F,C,2220.25,1070,1500,1500,0.22442399,0.176709786,619,TRUE,FALSE,COMPLETE,TRUE,TRUE,TRUE
252737,7/3/26,7/1/26,109797,West,F,,1600,1250,1250,1250,0.213588655,,526,TRUE,FALSE,PREQUALIFIED,FALSE,FALSE,
827403,7/3/26,7/1/26,54008,SouthEast,F,,2076,300,1500,1500,0.341823757,,562,FALSE,FALSE,DENIED,FALSE,FALSE,
896021,7/3/26,7/1/26,77597,MidWest,C,A,3000,2960,3000,3000,0.117457442,0.070436865,619,TRUE,FALSE,PENDING_DOCS,TRUE,TRUE,FALSE
2845,7/3/26,7/1/26,91050,NorthEast,B,,2300,5000,5000,5000,0.026351374,,608,TRUE,FALSE,PREQUALIFIED,FALSE,FALSE,
78934,7/4/26,7/1/26,109797,West,B,,2500,5000,5000,5000,0.0444341,,599,TRUE,FALSE,PREQUALIFIED,FALSE,FALSE,
240764,7/5/26,7/1/26,107312,MidWest,F,D,2220.25,300,1500,1500,0.296607673,0.210327521,470,TRUE,TRUE,COMPLETE,TRUE,TRUE,TRUE
384882,7/5/26,7/1/26,101305,NorthEast,F,,850,740,1500,1500,0.252825379,,513,TRUE,FALSE,PREQUALIFIED,FALSE,FALSE,
3796,7/5/26,7/1/26,37647,SouthEast,F,C,2500,450,450,450,0.280181259,0.180390477,655,TRUE,FALSE,COMPLETE,TRUE,TRUE,TRUE
814609,7/5/26,7/1/26,77606,SouthEast,D,B,2000,2520,2520,2520,0.138564572,0.136101514,586,TRUE,FALSE,COMPLETE,TRUE,TRUE,TRUE
302862,7/6/26,7/1/26,87443,NorthEast,B,C,3000,4170,4170,4170,0.068528086,0.155967221,612,TRUE,FALSE,INACTIVE,TRUE,TRUE,FALSE
880608,7/6/26,7/1/26,107312,MidWest,F,,2900,300,1500,1500,0.392109364,,497,TRUE,FALSE,PREQUALIFIED,FALSE,FALSE,
592606,7/6/26,7/1/26,65790,West,C,B,2280,2340,2340,2340,0.149390906,0.111514375,563,TRUE,TRUE,PENDING_DOCS,TRUE,TRUE,FALSE
95925,7/6/26,7/1/26,91050,NorthEast,F,,2300,300,1500,1500,0.423121691,,559,TRUE,FALSE,INACTIVE,FALSE,FALSE,
245311,7/6/26,7/1/26,39556,West,F,,1200,300,1500,1500,0.377062172,,498,FALSE,FALSE,DENIED,FALSE,FALSE,
178541,7/6/26,7/1/26,71513,West,F,F,2100,830,1500,1500,0.243855923,0.45261246,,TRUE,FALSE,COMPLETE,TRUE,TRUE,TRUE
410152,7/6/26,7/1/26,56438,SouthEast,F,,2500,300,300,300,0.428394407,,552,FALSE,FALSE,DENIED,FALSE,FALSE,
287704,7/6/26,7/1/26,85031,NorthEast,D,,2600,2970,2970,2970,0.11715088,,547,TRUE,FALSE,PREQUALIFIED,FALSE,FALSE,
755728,7/6/26,7/1/26,77594,NorthEast,F,F,2200,300,1500,1500,0.358242273,0.304087967,543,TRUE,FALSE,COMPLETE,TRUE,TRUE,TRUE
894016,7/6/26,7/1/26,77596,MidWest,C,,2300,4120,4120,4120,0.070046827,,608,TRUE,FALSE,PREQUALIFIED,FALSE,FALSE,
672556,7/6/26,7/1/26,75061,NorthEast,B,,2500,4850,4850,4850,0.04925447,,618,TRUE,FALSE,PREQUALIFIED,FALSE,FALSE,
134315,7/6/26,7/1/26,71513,West,F,,2100,830,1500,1500,0.243855923,,,TRUE,FALSE,PREQUALIFIED,FALSE,FALSE,
3547,7/6/26,7/1/26,91050,NorthEast,F,D,2300,300,1500,1500,0.423121691,0.228861749,559,TRUE,FALSE,COMPLETE,TRUE,TRUE,TRUE
861332,7/6/26,7/1/26,91049,SouthEast,F,,5000,300,1500,1500,0.590058804,,525,FALSE,FALSE,DENIED,FALSE,FALSE,
111236,7/6/26,7/1/26,56437,SouthEast,E,F,2500,1100,1500,1500,0.222450539,0.264101297,,TRUE,FALSE,COMPLETE,TRUE,TRUE,TRUE
579131,7/6/26,7/1/26,78469,SouthEast,F,C,3000,590,1500,1500,0.266567647,0.176149935,512,TRUE,TRUE,PENDING_DOCS,TRUE,TRUE,FALSE
673842,7/7/26,7/1/26,91050,NorthEast,F,,2300,300,1500,1500,0.450380623,,548,FALSE,FALSE,DENIED,FALSE,FALSE,
216025,7/7/26,7/1/26,75061,NorthEast,B,,2200,4850,4850,4850,0.049273632,,618,TRUE,FALSE,PREQUALIFIED,FALSE,FALSE,
662165,7/7/26,7/1/26,98395,NorthEast,F,,3000,300,500,500,0.706745088,,506,FALSE,FALSE,DENIED,FALSE,FALSE,
405878,7/7/26,7/1/26,77600,NorthEast,C,,2605.97,2280,2280,2280,0.153198123,,624,TRUE,FALSE,PREQUALIFIED,FALSE,FALSE,
294069,7/7/26,7/1/26,98543,MidWest,F,,2500,300,1500,1500,0.59868449,,547,FALSE,FALSE,DENIED,FALSE,FALSE,
339528,7/7/26,7/1/26,73231,West,E,,2500,2930,2930,2930,0.118926391,,583,TRUE,FALSE,PREQUALIFIED,FALSE,FALSE,
74631,7/8/26,7/1/26,98546,SouthEast,F,F,3000,300,1500,1500,0.416958302,0.279323101,554,TRUE,FALSE,COMPLETE,TRUE,TRUE,TRUE
522829,7/8/26,7/1/26,71513,West,E,,2900,1190,1500,1500,0.217439547,,536,TRUE,FALSE,PREQUALIFIED,FALSE,FALSE,
972583,7/8/26,7/1/26,71513,West,E,,2900,1190,1500,1500,0.217439547,,536,TRUE,FALSE,PREQUALIFIED,FALSE,FALSE,
935767,7/8/26,7/1/26,37643,SouthEast,E,C,2429,1140,1500,1500,0.22011511,0.173009723,567,TRUE,FALSE,COMPLETE,TRUE,TRUE,TRUE
355272,7/9/26,7/1/26,77592,NorthEast,F,F,2100,900,1500,1500,0.237122595,0.366534293,,TRUE,FALSE,COMPLETE,TRUE,TRUE,TRUE
786929,7/9/26,7/1/26,63956,NorthEast,F,F,3000,300,1500,1500,0.379930615,0.262721658,446,TRUE,FALSE,COMPLETE,TRUE,TRUE,TRUE
488814,7/9/26,7/1/26,107312,MidWest,F,,3000,1330,1500,1500,0.209295288,,,TRUE,FALSE,PREQUALIFIED,FALSE,FALSE,
504555,7/9/26,7/1/26,87443,NorthEast,F,,4130,840,1500,1500,0.243256912,,,TRUE,FALSE,PREQUALIFIED,FALSE,FALSE,
420525,7/9/26,7/1/26,87502,NorthEast,E,,2300,980,1500,1500,0.229807079,,,TRUE,FALSE,PREQUALIFIED,FALSE,FALSE,
721114,7/9/26,7/1/26,93461,NorthEast,F,,2609,300,1500,1500,0.313543618,,,TRUE,FALSE,PREQUALIFIED,FALSE,FALSE,
789203,7/9/26,7/1/26,78469,SouthEast,D,,2100,2370,2370,2370,0.147901863,,601,TRUE,TRUE,PREQUALIFIED,FALSE,FALSE,
140877,7/9/26,7/1/26,77596,MidWest,F,,3600,1030,1500,1500,0.226754129,,,TRUE,FALSE,PREQUALIFIED,FALSE,FALSE,
570951,7/9/26,7/1/26,37644,SouthEast,F,F,2700,300,1500,1500,0.369932771,0.364528298,547,TRUE,TRUE,COMPLETE,TRUE,TRUE,TRUE
32317,7/9/26,7/1/26,75983,NorthEast,D,,1950,1470,1500,1500,0.201012328,,574,TRUE,FALSE,PREQUALIFIED,FALSE,FALSE,
760691,7/9/26,7/1/26,87443,NorthEast,F,,4130,300,1500,1500,0.323243737,,,TRUE,FALSE,PREQUALIFIED,FALSE,FALSE,
41278,7/9/26,7/1/26,65790,West,C,,3000,1690,1690,1690,0.187654197,,681,TRUE,FALSE,PREQUALIFIED,FALSE,FALSE,
246879,7/10/26,7/1/26,37643,SouthEast,F,,2700,300,1500,1500,0.37523517,,535,FALSE,FALSE,DENIED,FALSE,FALSE,
74243,7/10/26,7/1/26,73708,NorthEast,F,,2500,550,1500,1500,0.270597577,,,TRUE,FALSE,PREQUALIFIED,FALSE,FALSE,
974678,7/10/26,7/1/26,91045,SouthEast,A,,3000,5000,5000,5000,0.035010025,,611,TRUE,FALSE,PREQUALIFIED,FALSE,FALSE,
332782,7/10/26,7/1/26,77593,NorthEast,B,,2500,4270,4270,4270,0.065650374,,588,TRUE,FALSE,PREQUALIFIED,FALSE,FALSE,
659623,7/10/26,7/1/26,49344,West,F,,1250,680,1500,1500,0.258510888,,534,TRUE,TRUE,PREQUALIFIED,FALSE,FALSE,
442612,7/10/26,7/1/26,107312,MidWest,F,,2595,300,1500,1500,0.514288127,,521,FALSE,FALSE,DENIED,FALSE,FALSE,
29887,7/10/26,7/1/26,91045,SouthEast,D,,3000,1360,1500,1500,0.207140699,,568,TRUE,FALSE,PREQUALIFIED,FALSE,FALSE,
117847,7/10/26,7/1/26,56437,SouthEast,F,,2000,300,1500,1500,0.29867512,,568,TRUE,FALSE,PREQUALIFIED,FALSE,FALSE,
557533,7/10/26,7/1/26,93461,NorthEast,B,A,2242,4630,4630,4630,0.055535853,0.052866708,590,TRUE,FALSE,APPROVED,TRUE,TRUE,FALSE
618548,7/10/26,7/1/26,91049,SouthEast,F,,3000,300,1500,1500,0.442585528,,,FALSE,FALSE,DENIED,FALSE,FALSE,
353971,7/10/26,7/1/26,75061,NorthEast,F,B,2500,1270,1500,1500,0.212768167,0.140091017,567,TRUE,FALSE,COMPLETE,TRUE,TRUE,TRUE
572036,7/10/26,7/1/26,85029,NorthEast,F,,2300,300,1500,1500,0.322439432,,491,TRUE,FALSE,PREQUALIFIED,FALSE,FALSE,
897735,7/10/26,7/1/26,87443,NorthEast,B,A,2840,4620,4620,4620,0.055885199,0.028977694,609,TRUE,FALSE,COMPLETE,TRUE,TRUE,TRUE
687307,7/11/26,7/1/26,91045,SouthEast,E,,2972.46,1940,1940,1940,0.172877938,,600,TRUE,FALSE,PREQUALIFIED,FALSE,FALSE,
266414,7/11/26,7/1/26,56437,SouthEast,E,B,2500,640,1500,1500,0.261887968,0.123858452,551,TRUE,FALSE,COMPLETE,TRUE,TRUE,TRUE
904490,7/11/26,7/1/26,105893,NorthEast,F,,2300,300,300,300,0.451791495,,556,FALSE,FALSE,DENIED,FALSE,FALSE,
702727,7/11/26,7/1/26,85029,NorthEast,E,B,630,710,1500,1500,0.255682081,0.120488346,550,TRUE,FALSE,COMPLETE,TRUE,TRUE,TRUE
219765,7/11/26,7/1/26,91050,NorthEast,F,,2300,310,1500,1500,0.293702215,,473,FALSE,FALSE,DENIED,FALSE,FALSE,
987899,7/11/26,7/1/26,98538,MidWest,B,B,3600,3550,3600,3600,0.088990584,0.080072813,617,TRUE,FALSE,APPROVED,TRUE,TRUE,FALSE
456126,7/11/26,7/1/26,109797,West,D,,2300,3000,3000,3000,0.115587808,,569,TRUE,FALSE,PREQUALIFIED,FALSE,FALSE,
233321,7/11/26,7/1/26,56438,SouthEast,C,B,2500,2680,2680,2680,0.130986631,0.12520048,584,TRUE,FALSE,COMPLETE,TRUE,TRUE,TRUE
870810,7/11/26,7/1/26,69568,West,B,,1900,5000,5000,5000,0.043237831,,612,TRUE,FALSE,PREQUALIFIED,FALSE,FALSE,
197675,7/11/26,7/1/26,77606,SouthEast,B,A,1730,4960,4960,4960,0.046271622,0.018729711,632,TRUE,FALSE,PENDING_DOCS,TRUE,TRUE,FALSE
394240,7/11/26,7/1/26,107312,MidWest,B,B,3700,2900,2900,2900,0.120451428,0.082582116,653,TRUE,FALSE,COMPLETE,TRUE,TRUE,TRUE
97666,7/12/26,7/1/26,98538,MidWest,C,,3000,3680,3680,3680,0.083011709,,573,TRUE,FALSE,PREQUALIFIED,FALSE,FALSE,
235274,7/12/26,7/1/26,91050,NorthEast,F,,2300,300,1500,1500,0.395819247,,617,TRUE,FALSE,PREQUALIFIED,FALSE,FALSE,
335667,7/12/26,7/1/26,77597,MidWest,F,F,2400,300,1500,1500,0.350958735,0.431135297,524,TRUE,TRUE,DENIED,TRUE,FALSE,
68679,7/12/26,7/1/26,75063,NorthEast,E,,2300,1120,1500,1500,0.221403435,,564,TRUE,FALSE,PREQUALIFIED,FALSE,FALSE,
382367,7/12/26,7/1/26,49344,West,F,,2400,940,1500,1500,0.233072013,,,TRUE,FALSE,PREQUALIFIED,FALSE,FALSE,
906968,7/13/26,7/1/26,54008,SouthEast,F,C,2000,300,1500,1500,0.310595453,0.146744996,564,TRUE,FALSE,COMPLETE,TRUE,TRUE,TRUE
451449,7/13/26,7/1/26,77604,NorthEast,E,,2500,650,1500,1500,0.26074782,,,TRUE,FALSE,PREQUALIFIED,FALSE,FALSE,
266110,7/13/26,7/1/26,87443,NorthEast,C,B,1680,3510,3510,3510,0.091188677,0.127869397,586,TRUE,FALSE,COMPLETE,TRUE,TRUE,TRUE
501443,7/13/26,7/1/26,77604,NorthEast,C,,2500,2250,2250,2250,0.15446189,,580,TRUE,FALSE,PREQUALIFIED,FALSE,FALSE,
673298,7/13/26,7/1/26,78469,SouthEast,C,B,2086.5,2460,2460,2460,0.142348364,0.133663714,611,TRUE,TRUE,COMPLETE,TRUE,TRUE,TRUE
850722,7/13/26,7/1/26,98546,SouthEast,F,,450,300,1500,1500,0.342797607,,559,FALSE,FALSE,DENIED,FALSE,FALSE,
612638,7/13/26,7/1/26,107312,MidWest,B,,3100,5000,5000,5000,0.040710416,,583,TRUE,FALSE,PREQUALIFIED,FALSE,FALSE,
806343,7/13/26,7/1/26,77604,NorthEast,B,,2400,4420,4420,4420,0.061633237,,593,TRUE,FALSE,PREQUALIFIED,FALSE,FALSE,
501665,7/14/26,7/1/26,69568,West,C,A,2300,4040,4040,4040,0.072417572,0.073235802,549,TRUE,FALSE,COMPLETE,TRUE,TRUE,TRUE
117089,7/14/26,7/1/26,91050,NorthEast,C,B,2428,2710,2710,2710,0.129315227,0.08808127,591,TRUE,TRUE,PENDING_DOCS,TRUE,TRUE,FALSE
127870,7/14/26,7/1/26,91050,NorthEast,B,,2428,3590,3590,3590,0.087127835,,591,TRUE,FALSE,INACTIVE,FALSE,FALSE,
880167,7/14/26,7/1/26,56437,SouthEast,F,,1760,510,1500,1500,0.274469465,,459,TRUE,FALSE,COMPLETE,TRUE,TRUE,TRUE
537459,7/14/26,7/1/26,37643,SouthEast,C,,1800,3430,3430,3430,0.094973646,,580,TRUE,FALSE,PREQUALIFIED,FALSE,FALSE,
508964,7/14/26,7/1/26,69568,West,C,,2300,4480,4480,4480,0.059870224,,549,TRUE,FALSE,PREQUALIFIED,FALSE,FALSE,
319110,7/14/26,7/1/26,65790,West,D,,2500,1630,1630,1630,0.191219881,,,TRUE,FALSE,PREQUALIFIED,FALSE,FALSE,
181059,7/14/26,7/1/26,51515,MidWest,F,,2300,300,1500,1500,0.362694353,,504,FALSE,FALSE,DENIED,FALSE,FALSE,
783880,7/14/26,7/1/26,77606,SouthEast,B,,2400,3230,3230,3230,0.104581632,,620,TRUE,FALSE,PREQUALIFIED,FALSE,FALSE,
339716,7/14/26,7/1/26,73231,West,A,,1000,5000,5000,5000,0.023474863,,605,TRUE,FALSE,PREQUALIFIED,FALSE,FALSE,
531130,7/15/26,7/1/26,73708,NorthEast,F,,2600,300,1500,1500,0.353073448,,613,TRUE,TRUE,PREQUALIFIED,FALSE,FALSE,
881538,7/15/26,7/1/26,115895,West,F,,2000,1470,1470,1470,0.200572491,,,TRUE,FALSE,PREQUALIFIED,FALSE,FALSE,
34880,7/15/26,7/1/26,78469,SouthEast,D,B,7500,1970,1970,1970,0.171205476,0.085790366,550,TRUE,FALSE,COMPLETE,TRUE,TRUE,TRUE
420089,7/15/26,7/1/26,65790,West,F,,240,790,1500,1500,0.247128502,,,TRUE,TRUE,PREQUALIFIED,FALSE,FALSE,
234558,7/15/26,7/1/26,37643,SouthEast,E,,2100,1040,1500,1500,0.226473227,,,TRUE,FALSE,PREQUALIFIED,FALSE,FALSE,
331687,7/15/26,7/1/26,39556,West,D,B,2000,2130,2130,2130,0.161967352,0.12668924,620,TRUE,FALSE,COMPLETE,TRUE,TRUE,TRUE
57334,7/15/26,7/1/26,115895,West,E,,1500,2270,2270,2270,0.15382275,,,TRUE,FALSE,PREQUALIFIED,FALSE,FALSE,
260994,7/15/26,7/1/26,37643,SouthEast,F,,2600,300,1500,1500,0.425873905,,508,FALSE,FALSE,DENIED,FALSE,FALSE,
458247,7/15/26,7/1/26,115895,West,E,,1500,2270,2270,2270,0.15382275,,,TRUE,FALSE,PREQUALIFIED,FALSE,FALSE,
220245,7/15/26,7/1/26,91050,NorthEast,F,,2524,840,1500,1500,0.243069202,,,TRUE,FALSE,PREQUALIFIED,FALSE,FALSE,
345709,7/15/26,7/1/26,82928,SouthEast,F,,3000,730,730,730,0.253342569,,,TRUE,FALSE,PREQUALIFIED,FALSE,FALSE,
311686,7/16/26,7/1/26,77602,NorthEast,F,,2075,740,1500,1500,0.25212124,,488,TRUE,FALSE,PREQUALIFIED,FALSE,FALSE,
553332,7/16/26,7/1/26,91050,NorthEast,F,,2428,300,1500,1500,0.644988835,,556,FALSE,FALSE,DENIED,FALSE,FALSE,
159905,7/16/26,7/1/26,77600,NorthEast,A,A,2239.87,5000,5000,5000,0.029284192,0.013963564,598,TRUE,FALSE,COMPLETE,TRUE,TRUE,TRUE
787192,7/16/26,7/1/26,77606,SouthEast,F,,2400,300,1500,1500,0.330612361,,546,TRUE,FALSE,PREQUALIFIED,FALSE,FALSE,
321298,7/16/26,7/1/26,107312,MidWest,F,,2500,1110,1500,1500,0.222205788,,579,TRUE,FALSE,PREQUALIFIED,FALSE,FALSE,
938957,7/16/26,7/1/26,87502,NorthEast,F,,2700,300,1500,1500,0.54747802,,508,FALSE,FALSE,DENIED,FALSE,FALSE,
600831,7/17/26,7/1/26,77598,NorthEast,B,,2225.78,3600,3600,3600,,,578,TRUE,FALSE,PREQUALIFIED,FALSE,FALSE,
479619,7/17/26,7/1/26,78469,SouthEast,F,,3500,300,1500,1500,0.49132663,,530,FALSE,FALSE,DENIED,FALSE,FALSE,
449780,7/17/26,7/1/26,91050,NorthEast,B,,1950,4220,4220,4220,,,588,TRUE,FALSE,PREQUALIFIED,FALSE,FALSE,
94796,7/17/26,7/1/26,109797,West,E,,2300,1380,1380,1380,0.206357688,,442,TRUE,FALSE,PREQUALIFIED,FALSE,FALSE,
95111,7/17/26,7/1/26,73708,NorthEast,F,,3000,300,1500,1500,0.465905726,,540,FALSE,FALSE,DENIED,FALSE,FALSE,
937509,7/17/26,7/1/26,91050,NorthEast,B,,1950,4220,4220,4220,,,588,TRUE,FALSE,PREQUALIFIED,FALSE,FALSE,
518644,7/17/26,7/1/26,56437,SouthEast,F,,660,300,1500,1500,0.446888298,,579,TRUE,FALSE,PREQUALIFIED,FALSE,FALSE,
877337,7/17/26,7/1/26,77604,NorthEast,B,,2500,4880,4880,4880,0.048381519,,610,TRUE,FALSE,PREQUALIFIED,FALSE,FALSE,
236102,7/17/26,7/1/26,85031,NorthEast,B,,1800,5000,5000,5000,0.036087044,,599,TRUE,FALSE,PREQUALIFIED,FALSE,FALSE,
859598,7/18/26,7/1/26,75063,NorthEast,F,,2424,300,1500,1500,0.299982041,,528,TRUE,FALSE,PREQUALIFIED,FALSE,FALSE,
940276,7/18/26,7/1/26,77596,MidWest,E,,2161.4,770,1500,1500,0.249745548,,536,TRUE,TRUE,PREQUALIFIED,FALSE,FALSE,
637895,7/18/26,7/1/26,78469,SouthEast,E,C,2100,1710,1710,1710,0.186536819,0.186886147,,TRUE,FALSE,COMPLETE,TRUE,TRUE,TRUE
597933,7/18/26,7/1/26,91050,NorthEast,D,F,2300,1380,1500,1500,0.205988884,0.370873541,542,TRUE,TRUE,COMPLETE,TRUE,TRUE,TRUE
380353,7/18/26,7/1/26,63956,NorthEast,E,,3000,1530,1530,1530,0.197453409,,,TRUE,FALSE,PREQUALIFIED,FALSE,FALSE,
202687,7/18/26,7/1/26,37647,SouthEast,F,,3000,300,300,300,0.351927489,,548,TRUE,FALSE,PREQUALIFIED,FALSE,FALSE,
341012,7/19/26,7/1/26,91050,NorthEast,C,,2300,4060,4060,4060,0.071625821,,575,TRUE,FALSE,PREQUALIFIED,FALSE,FALSE,
962268,7/19/26,7/1/26,98395,NorthEast,B,B,2600,3490,3490,3490,0.092201993,0.107813992,595,TRUE,FALSE,COMPLETE,TRUE,TRUE,TRUE
520356,7/19/26,7/1/26,91045,SouthEast,F,,2500,300,1500,1500,0.40516001,,535,FALSE,FALSE,DENIED,FALSE,FALSE,
658972,7/19/26,7/1/26,91050,NorthEast,F,,2300,300,1500,1500,0.505332828,,577,TRUE,FALSE,PREQUALIFIED,FALSE,FALSE,
774267,7/19/26,7/1/26,73708,NorthEast,E,,2500,1020,1500,1500,0.227435574,,,TRUE,FALSE,PREQUALIFIED,FALSE,FALSE,
541426,7/19/26,7/1/26,98543,MidWest,D,,3500,1570,1570,1570,0.194890156,,602,TRUE,FALSE,PREQUALIFIED,FALSE,FALSE,
433706,7/20/26,7/1/26,77596,MidWest,F,F,2500,300,1500,1500,0.402448863,0.302443862,598,TRUE,FALSE,COMPLETE,TRUE,TRUE,TRUE
669400,7/20/26,7/1/26,91050,NorthEast,F,,2300,300,1500,1500,0.569788814,,540,FALSE,FALSE,DENIED,FALSE,FALSE,
384385,7/20/26,7/1/26,75061,NorthEast,D,,2500,3550,3550,3550,0.089143455,,565,TRUE,FALSE,PREQUALIFIED,FALSE,FALSE,
605922,7/20/26,7/1/26,98546,SouthEast,F,,2000,320,1500,1500,0.292181611,,491,TRUE,FALSE,PREQUALIFIED,FALSE,FALSE,
18562,7/20/26,7/1/26,82928,SouthEast,D,B,3000,3620,3620,3620,0.085761108,0.09207388,587,TRUE,FALSE,COMPLETE,TRUE,TRUE,TRUE
510335,7/20/26,7/1/26,98546,SouthEast,F,,2000,320,1500,1500,0.292181611,,491,TRUE,FALSE,PREQUALIFIED,FALSE,FALSE,